"rule_id","description","long_description","persona","portfolio","tables_to_join","joins","filters","select_columns","aggregations","conditional_aggregations","groupby_columns","having_conditions","orderby_columns","raw_where","is_distinct","usecase","dashboard_link","sector","banking_division"
"ESG_Emission_Intensity","Emission intensity calculation across sectors","Compute EVIC, absolute emissions, attribution factor, financed emissions, attributed activity, and emission intensity using inline derived expressions","ESG Analyst","ESG","[""ESG_Emission_Intensity""]","[]","{}","{""ESG_Emission_Intensity"": {""sector"": ""sector"", ""cash_usd"": ""cash_usd"", ""evic_usd"": {""alias"": ""evic_usd"", ""expression"": ""(market_cap_usd + total_debt_usd + preferred_equity_usd + minority_interest_usd - cash_usd)""}, ""scope1_tco2e"": ""scope1_tco2e"", ""scope2_tco2e"": ""scope2_tco2e"", ""scope3_tco2e"": ""scope3_tco2e"", ""activity_unit"": ""activity_unit"", ""activity_value"": ""activity_value"", ""market_cap_usd"": ""market_cap_usd"", ""total_debt_usd"": ""total_debt_usd"", ""counterparty_id"": ""counterparty_id"", ""counterparty_name"": ""counterparty_name"", ""absolute_emissions"": {""alias"": ""absolute_emissions"", ""expression"": ""(coalesce(scope1_tco2e,0) + coalesce(scope2_tco2e,0) + coalesce(scope3_tco2e,0))""}, ""attribution_factor"": {""alias"": ""attribution_factor"", ""expression"": ""(outstanding_amount_usd / nullif((market_cap_usd + total_debt_usd + preferred_equity_usd + minority_interest_usd - cash_usd),0))""}, ""emission_intensity"": {""alias"": ""emission_intensity"", ""expression"": ""(((outstanding_amount_usd / nullif((market_cap_usd + total_debt_usd + preferred_equity_usd + minority_interest_usd - cash_usd),0)) * (coalesce(scope1_tco2e,0) + coalesce(scope2_tco2e,0) + coalesce(scope3_tco2e,0))) / nullif(((outstanding_amount_usd / nullif((market_cap_usd + total_debt_usd + preferred_equity_usd + minority_interest_usd - cash_usd),0)) * activity_value),0))""}, ""financed_emissions"": {""alias"": ""financed_emissions"", ""expression"": ""((outstanding_amount_usd / nullif((market_cap_usd + total_debt_usd + preferred_equity_usd + minority_interest_usd - cash_usd),0)) * (coalesce(scope1_tco2e,0) + coalesce(scope2_tco2e,0) + coalesce(scope3_tco2e,0)))""}, ""attributed_activity"": {""alias"": ""attributed_activity"", ""expression"": ""((outstanding_amount_usd / nullif((market_cap_usd + total_debt_usd + preferred_equity_usd + minority_interest_usd - cash_usd),0)) * activity_value)""}, ""preferred_equity_usd"": ""preferred_equity_usd"", ""minority_interest_usd"": ""minority_interest_usd"", ""outstanding_amount_usd"": ""outstanding_amount_usd""}}","[]","{}","{}","[]","{""ESG_Emission_Intensity"": {""emission_intensity"": ""desc""}}","activity_value > 0",False,"Cross-sector emission intensity calculation for ESG reporting and portfolio benchmarking","","Banking","Corportate Institution Banking"
"ESG_Facilitated_Emissions","Facilitated emissions calculation for capital market transactions","Compute facilitated emissions for underwriting/arranging activities using HSBC attribution methodology. The logic calculates total emissions (Scope 1+2+3), EVIC-based attribution factor, adjusted weighting factor, and final facilitated emissions for ESG reporting and portfolio-level financed impact tracking.","ESG Analyst","ESG","[""esg_facilitated_Emissions_data""]","[]","{}","{""esg_facilitated_Emissions_data"": {""company_id"": ""company_id"", ""company_name"": ""company_name"", ""transaction_id"": ""transaction_id"", ""total_emissions"": {""alias"": ""total_emissions"", ""expression"": ""(coalesce(scope1_emissions_tco2e,0) + coalesce(scope2_emissions_tco2e,0) + coalesce(scope3_emissions_tco2e,0))""}, ""company_evic_usd"": ""company_evic_usd"", ""transaction_type"": ""transaction_type"", ""weighting_factor"": ""weighting_factor"", ""attribution_factor"": {""alias"": ""attribution_factor"", ""expression"": ""(hsbc_allocated_amount_usd / nullif(company_evic_usd,0))""}, ""facilitated_emissions"": {""alias"": ""facilitated_emissions"", ""expression"": ""((hsbc_allocated_amount_usd / nullif(company_evic_usd,0)) * weighting_factor * (coalesce(scope1_emissions_tco2e,0) + coalesce(scope2_emissions_tco2e,0) + coalesce(scope3_emissions_tco2e,0)))""}, ""scope1_emissions_tco2e"": ""scope1_emissions_tco2e"", ""scope2_emissions_tco2e"": ""scope2_emissions_tco2e"", ""scope3_emissions_tco2e"": ""scope3_emissions_tco2e"", ""hsbc_allocated_amount_usd"": ""hsbc_allocated_amount_usd"", ""adjusted_attribution_factor"": {""alias"": ""adjusted_attribution_factor"", ""expression"": ""((hsbc_allocated_amount_usd / nullif(company_evic_usd,0)) * weighting_factor)""}}}","[]","{}","{}","[]","{""ESG_Facilitated_Emissions"": {""facilitated_emissions"": ""desc""}}","company_evic_usd > 0 AND hsbc_allocated_amount_usd > 0",False,"Facilitated emissions calculation for underwriting, bond issuance, and capital markets ESG reporting","","Banking","Corportate Institution Banking"
"ESG_Financed_Emission","Financed emissions calculation","Compute EVIC, absolute emissions, attribution factor, and financed emissions using inline derived expressions","ESG Analyst","ESG","[""esg_financed_emissions""]","[]","{}","{""esg_financed_emissions"": {""sector"": ""sector"", ""cash_usd"": ""cash_usd"", ""evic_usd"": {""alias"": ""evic_usd"", ""expression"": ""(market_cap_usd + total_debt_usd + preferred_equity_usd + minority_interest_usd - cash_usd)""}, ""scope1_tco2e"": ""scope1_tco2e"", ""scope2_tco2e"": ""scope2_tco2e"", ""scope3_tco2e"": ""scope3_tco2e"", ""market_cap_usd"": ""market_cap_usd"", ""total_debt_usd"": ""total_debt_usd"", ""counterparty_id"": ""counterparty_id"", ""counterparty_name"": ""counterparty_name"", ""absolute_emissions"": {""alias"": ""absolute_emissions"", ""expression"": ""(coalesce(scope1_tco2e,0) + coalesce(scope2_tco2e,0) + coalesce(scope3_tco2e,0))""}, ""attribution_factor"": {""alias"": ""attribution_factor"", ""expression"": ""(outstanding_amount_usd / nullif((market_cap_usd + total_debt_usd + preferred_equity_usd + minority_interest_usd - cash_usd),0))""}, ""financed_emissions"": {""alias"": ""financed_emissions"", ""expression"": ""((outstanding_amount_usd / nullif((market_cap_usd + total_debt_usd + preferred_equity_usd + minority_interest_usd - cash_usd),0)) * (coalesce(scope1_tco2e,0) + coalesce(scope2_tco2e,0) + coalesce(scope3_tco2e,0)))""}, ""preferred_equity_usd"": ""preferred_equity_usd"", ""minority_interest_usd"": ""minority_interest_usd"", ""outstanding_amount_usd"": ""outstanding_amount_usd""}}","[]","{}","{}","[]","{""financed_emissions_raw"": {""financed_emissions"": ""desc""}}","",False,"Counterparty-level financed emissions with EVIC attribution","","Banking","Corportate Institution Banking"
"FORMX_A.1","1. Paid-up capital (including forfeited shares)",NULL,"REPORT_PREPARER","RISK_REPORTING","[""balance_data"", ""fx_rate""]","[{""join_type"": ""left"", ""left_keys"": [""currency""], ""left_table"": ""balance_data"", ""right_keys"": [""from_currency""], ""right_table"": ""fx_rate""}]","{""balance_data"": {""product_level_1"": {""eq"": ""Capital""}, ""product_level_2"": {""eq"": ""Paid-up Capital""}}}","{""balance_data"": {""total_value"": {""alias"": ""total_value"", ""expression"": ""SUM(balance_data.amount * fx_rate.fx_rate)""}}}","{}","{}","{}","{}","{}",NULL,False,NULL,NULL,NULL,NULL
"FORMX_A.2.1","2.1 Reserve fund",NULL,"REPORT_PREPARER","RISK_REPORTING","[""balance_data"", ""fx_rate""]","[{""join_type"": ""left"", ""left_keys"": [""currency""], ""left_table"": ""balance_data"", ""right_keys"": [""from_currency""], ""right_table"": ""fx_rate""}]","{""balance_data"": {""product_level_1"": {""eq"": ""Liabilities""}, ""product_level_2"": {""eq"": ""Reserves""}, ""product_level_3"": {""eq"": ""Reserve Fund""}}}","{""balance_data"": {""total_value"": {""alias"": ""total_value"", ""expression"": ""SUM(balance_data.amount * fx_rate.fx_rate)""}}}","{}","{}","{}","{}","{}",NULL,False,NULL,NULL,NULL,NULL
"FORMX_A.2.2","2.2 Other reserves",NULL,"REPORT_PREPARER","RISK_REPORTING","[""balance_data"", ""fx_rate""]","[{""join_type"": ""left"", ""left_keys"": [""currency""], ""left_table"": ""balance_data"", ""right_keys"": [""from_currency""], ""right_table"": ""fx_rate""}]","{""balance_data"": {""product_level_1"": {""eq"": ""Liabilities""}, ""product_level_2"": {""eq"": ""Reserves""}, ""product_level_3"": {""eq"": ""Other Reserves""}}}","{""balance_data"": {""total_value"": {""alias"": ""total_value"", ""expression"": ""SUM(balance_data.amount * fx_rate.fx_rate)""}}}","{}","{}","{}","{}","{}",NULL,False,NULL,NULL,NULL,NULL
"FORMX_A.2.3","2.3 Shares premium account",NULL,"REPORT_PREPARER","RISK_REPORTING","[""balance_data"", ""fx_rate""]","[{""join_type"": ""left"", ""left_keys"": [""currency""], ""left_table"": ""balance_data"", ""right_keys"": [""from_currency""], ""right_table"": ""fx_rate""}]","{""balance_data"": {""product_level_1"": {""eq"": ""Capital""}, ""product_level_2"": {""eq"": ""Share Premium""}}}","{""balance_data"": {""total_value"": {""alias"": ""total_value"", ""expression"": ""SUM(balance_data.amount * fx_rate.fx_rate)""}}}","{}","{}","{}","{}","{}",NULL,False,NULL,NULL,NULL,NULL
"FORMX_A.3.1.1","3.1.1 From banks (including co-operative banks)",NULL,"REPORT_PREPARER","RISK_REPORTING","[""balance_data"", ""counterparty"", ""fx_rate""]","[{""join_type"": ""left"", ""left_keys"": [""counterparty_id""], ""left_table"": ""balance_data"", ""right_keys"": [""counterparty_id""], ""right_table"": ""counterparty""}, {""join_type"": ""left"", ""left_keys"": [""currency""], ""left_table"": ""balance_data"", ""right_keys"": [""from_currency""], ""right_table"": ""fx_rate""}]","{""balance_data"": {""product_level_1"": {""eq"": ""Liabilities""}, ""product_level_2"": {""eq"": ""Deposits""}, ""product_level_3"": {""eq"": ""Current Account""}}, ""counterparty"": {""Sector"": {""eq"": ""Bank""}}}","{""balance_data"": {""total_value"": {""alias"": ""total_value"", ""expression"": ""SUM(balance_data.amount * fx_rate.fx_rate)""}}}",NULL,NULL,NULL,NULL,NULL,NULL,False,NULL,NULL,NULL,NULL
"FORMX_A.3.1.2","3.1.2 From others",NULL,"REPORT_PREPARER","RISK_REPORTING","[""balance_data"", ""counterparty"", ""fx_rate""]","[{""join_type"": ""left"", ""left_keys"": [""counterparty_id""], ""left_table"": ""balance_data"", ""right_keys"": [""counterparty_id""], ""right_table"": ""counterparty""}, {""join_type"": ""left"", ""left_keys"": [""currency""], ""left_table"": ""balance_data"", ""right_keys"": [""from_currency""], ""right_table"": ""fx_rate""}]","{""balance_data"": {""product_level_1"": {""eq"": ""Liabilities""}, ""product_level_2"": {""eq"": ""Deposits""}, ""product_level_3"": {""eq"": ""Current Account""}}, ""counterparty"": {""Sector"": {""ne"": ""Bank""}}}","{""balance_data"": {""total_value"": {""alias"": ""total_value"", ""expression"": ""SUM(balance_data.amount * fx_rate.fx_rate)""}}}",NULL,NULL,NULL,NULL,NULL,NULL,False,NULL,NULL,NULL,NULL
"FORMX_A.3.2","3.2 Savings Deposits",NULL,"REPORT_PREPARER","RISK_REPORTING","[""balance_data"", ""counterparty"", ""fx_rate""]","[{""join_type"": ""left"", ""left_keys"": [""counterparty_id""], ""left_table"": ""balance_data"", ""right_keys"": [""counterparty_id""], ""right_table"": ""counterparty""}, {""join_type"": ""left"", ""left_keys"": [""currency""], ""left_table"": ""balance_data"", ""right_keys"": [""from_currency""], ""right_table"": ""fx_rate""}]","{""balance_data"": {""product_level_1"": {""eq"": ""Liabilities""}, ""product_level_2"": {""eq"": ""Deposits""}, ""product_level_3"": {""eq"": ""Savings Account""}}}","{""balance_data"": {""total_value"": {""alias"": ""total_value"", ""expression"": ""SUM(balance_data.amount * fx_rate.fx_rate)""}}}",NULL,NULL,NULL,NULL,NULL,NULL,False,NULL,NULL,NULL,NULL
"FORMX_A.3.3","3.3 Fixed Deposits",NULL,"REPORT_PREPARER","RISK_REPORTING","[""balance_data"", ""counterparty"", ""fx_rate""]","[{""join_type"": ""left"", ""left_keys"": [""counterparty_id""], ""left_table"": ""balance_data"", ""right_keys"": [""counterparty_id""], ""right_table"": ""counterparty""}, {""join_type"": ""left"", ""left_keys"": [""currency""], ""left_table"": ""balance_data"", ""right_keys"": [""from_currency""], ""right_table"": ""fx_rate""}]","{""balance_data"": {""product_level_1"": {""eq"": ""Liabilities""}, ""product_level_2"": {""eq"": ""Deposits""}, ""product_level_3"": {""eq"": ""Fixed Deposit""}}}","{""balance_data"": {""total_value"": {""alias"": ""total_value"", ""expression"": ""SUM(balance_data.amount * fx_rate.fx_rate)""}}}",NULL,NULL,NULL,NULL,NULL,NULL,False,NULL,NULL,NULL,NULL
"FORMX_A.3.3.1","3.3.1 From banks",NULL,"REPORT_PREPARER","RISK_REPORTING","[""balance_data"", ""counterparty"", ""fx_rate""]","[{""join_type"": ""left"", ""left_keys"": [""counterparty_id""], ""left_table"": ""balance_data"", ""right_keys"": [""counterparty_id""], ""right_table"": ""counterparty""}, {""join_type"": ""left"", ""left_keys"": [""currency""], ""left_table"": ""balance_data"", ""right_keys"": [""from_currency""], ""right_table"": ""fx_rate""}]","{""balance_data"": {""product_level_1"": {""eq"": ""Liabilities""}, ""product_level_2"": {""eq"": ""Deposits""}, ""product_level_3"": {""eq"": ""Fixed Deposit""}}, ""counterparty"": {""Sector"": {""eq"": ""Bank""}}}","{""balance_data"": {""total_value"": {""alias"": ""total_value"", ""expression"": ""SUM(balance_data.amount * fx_rate.fx_rate)""}}}",NULL,NULL,NULL,NULL,NULL,NULL,False,NULL,NULL,NULL,NULL
"FORMX_A.3.3.2","3.3.2 From others",NULL,"REPORT_PREPARER","RISK_REPORTING","[""balance_data"", ""counterparty"", ""fx_rate""]","[{""join_type"": ""left"", ""left_keys"": [""counterparty_id""], ""left_table"": ""balance_data"", ""right_keys"": [""counterparty_id""], ""right_table"": ""counterparty""}, {""join_type"": ""left"", ""left_keys"": [""currency""], ""left_table"": ""balance_data"", ""right_keys"": [""from_currency""], ""right_table"": ""fx_rate""}]","{""balance_data"": {""product_level_1"": {""eq"": ""Liabilities""}, ""product_level_2"": {""eq"": ""Deposits""}, ""product_level_3"": {""eq"": ""Fixed Deposit""}}, ""counterparty"": {""Sector"": {""ne"": ""Bank""}}}","{""balance_data"": {""total_value"": {""alias"": ""total_value"", ""expression"": ""SUM(balance_data.amount * fx_rate.fx_rate)""}}}",NULL,NULL,NULL,NULL,NULL,NULL,False,NULL,NULL,NULL,NULL
"FORMX_A.4.1","4.1 Borrowings from Banks in India",NULL,"REPORT_PREPARER","RISK_REPORTING","[""balance_data"", ""counterparty"", ""fx_rate""]","[{""join_type"": ""left"", ""left_keys"": [""counterparty_id""], ""left_table"": ""balance_data"", ""right_keys"": [""counterparty_id""], ""right_table"": ""counterparty""}, {""join_type"": ""left"", ""left_keys"": [""currency""], ""left_table"": ""balance_data"", ""right_keys"": [""from_currency""], ""right_table"": ""fx_rate""}]","{""balance_data"": {""product_level_1"": {""eq"": ""Liabilities""}, ""product_level_2"": {""eq"": ""Borrowings""}, ""product_level_3"": {""eq"": ""Banks in India""}}}","{""balance_data"": {""total_value"": {""alias"": ""total_value"", ""expression"": ""SUM(balance_data.amount * fx_rate.fx_rate)""}}}",NULL,NULL,NULL,NULL,NULL,NULL,False,NULL,NULL,NULL,NULL
"FORMX_A.4.1.1","4.1.1 Reserve Bank of India",NULL,"REPORT_PREPARER","RISK_REPORTING","[""balance_data"", ""counterparty"", ""fx_rate""]","[{""join_type"": ""left"", ""left_keys"": [""counterparty_id""], ""left_table"": ""balance_data"", ""right_keys"": [""counterparty_id""], ""right_table"": ""counterparty""}, {""join_type"": ""left"", ""left_keys"": [""currency""], ""left_table"": ""balance_data"", ""right_keys"": [""from_currency""], ""right_table"": ""fx_rate""}]","{""balance_data"": {""product_level_2"": {""eq"": ""Borrowings""}, ""product_level_3"": {""eq"": ""Banks in India""}, ""product_level_4"": {""eq"": ""RBI""}}}","{""balance_data"": {""total_value"": {""alias"": ""total_value"", ""expression"": ""SUM(balance_data.amount * fx_rate.fx_rate)""}}}",NULL,NULL,NULL,NULL,NULL,NULL,False,NULL,NULL,NULL,NULL
"FORMX_A.4.1.2","4.1.2 State Bank of India",NULL,"REPORT_PREPARER","RISK_REPORTING","[""balance_data"", ""counterparty"", ""fx_rate""]","[{""join_type"": ""left"", ""left_keys"": [""counterparty_id""], ""left_table"": ""balance_data"", ""right_keys"": [""counterparty_id""], ""right_table"": ""counterparty""}, {""join_type"": ""left"", ""left_keys"": [""currency""], ""left_table"": ""balance_data"", ""right_keys"": [""from_currency""], ""right_table"": ""fx_rate""}]","{""balance_data"": {""product_level_2"": {""eq"": ""Borrowings""}, ""product_level_3"": {""eq"": ""Banks in India""}, ""product_level_4"": {""eq"": ""SBI""}}}","{""balance_data"": {""total_value"": {""alias"": ""total_value"", ""expression"": ""SUM(balance_data.amount * fx_rate.fx_rate)""}}}",NULL,NULL,NULL,NULL,NULL,NULL,False,NULL,NULL,NULL,NULL
"FORMX_A.4.1.3","4.1.3 Other commercial banks",NULL,"REPORT_PREPARER","RISK_REPORTING","[""balance_data"", ""counterparty"", ""fx_rate""]","[{""join_type"": ""left"", ""left_keys"": [""counterparty_id""], ""left_table"": ""balance_data"", ""right_keys"": [""counterparty_id""], ""right_table"": ""counterparty""}, {""join_type"": ""left"", ""left_keys"": [""currency""], ""left_table"": ""balance_data"", ""right_keys"": [""from_currency""], ""right_table"": ""fx_rate""}]","{""balance_data"": {""product_level_2"": {""eq"": ""Borrowings""}, ""product_level_3"": {""eq"": ""Banks in India""}}, ""counterparty"": {""bank_type"": {""eq"": ""Commercial Bank""}, ""counterparty_type"": {""ne"": ""SBI""}}}","{""balance_data"": {""total_value"": {""alias"": ""total_value"", ""expression"": ""SUM(balance_data.amount * fx_rate.fx_rate)""}}}",NULL,NULL,NULL,NULL,NULL,NULL,False,NULL,NULL,NULL,NULL
"FORMX_A.4.1.4","4.1.4 Co-operative banks",NULL,"REPORT_PREPARER","RISK_REPORTING","[""balance_data"", ""counterparty"", ""fx_rate""]","[{""join_type"": ""left"", ""left_keys"": [""counterparty_id""], ""left_table"": ""balance_data"", ""right_keys"": [""counterparty_id""], ""right_table"": ""counterparty""}, {""join_type"": ""left"", ""left_keys"": [""currency""], ""left_table"": ""balance_data"", ""right_keys"": [""from_currency""], ""right_table"": ""fx_rate""}]","{""balance_data"": {""product_level_2"": {""eq"": ""Borrowings""}, ""product_level_3"": {""eq"": ""Banks in India""}}, ""counterparty"": {""bank_type"": {""eq"": ""Co-operative Bank""}}}","{""balance_data"": {""total_value"": {""alias"": ""total_value"", ""expression"": ""SUM(balance_data.amount * fx_rate.fx_rate)""}}}",NULL,NULL,NULL,NULL,NULL,NULL,False,NULL,NULL,NULL,NULL
"FORMX_A.4.2","4.2 Borrowings from banks outside India",NULL,"REPORT_PREPARER","RISK_REPORTING","[""balance_data"", ""counterparty"", ""fx_rate""]","[{""join_type"": ""left"", ""left_keys"": [""counterparty_id""], ""left_table"": ""balance_data"", ""right_keys"": [""counterparty_id""], ""right_table"": ""counterparty""}, {""join_type"": ""left"", ""left_keys"": [""currency""], ""left_table"": ""balance_data"", ""right_keys"": [""from_currency""], ""right_table"": ""fx_rate""}]","{""balance_data"": {""product_level_2"": {""eq"": ""Borrowings""}, ""product_level_3"": {""eq"": ""Banks Outside India""}}}","{""balance_data"": {""total_value"": {""alias"": ""total_value"", ""expression"": ""SUM(balance_data.amount * fx_rate.fx_rate)""}}}",NULL,NULL,NULL,NULL,NULL,NULL,False,NULL,NULL,NULL,NULL
"FORMX_A.4.3.1","4.3.1 National Bank for Agriculture and Rural Development",NULL,"REPORT_PREPARER","RISK_REPORTING","[""balance_data"", ""counterparty"", ""fx_rate""]","[{""join_type"": ""left"", ""left_keys"": [""counterparty_id""], ""left_table"": ""balance_data"", ""right_keys"": [""counterparty_id""], ""right_table"": ""counterparty""}, {""join_type"": ""left"", ""left_keys"": [""currency""], ""left_table"": ""balance_data"", ""right_keys"": [""from_currency""], ""right_table"": ""fx_rate""}]","{""balance_data"": {""product_level_2"": {""eq"": ""Borrowings""}}, ""counterparty"": {""counterparty_type"": {""eq"": ""NABARD""}}}","{""balance_data"": {""total_value"": {""alias"": ""total_value"", ""expression"": ""SUM(balance_data.amount * fx_rate.fx_rate)""}}}",NULL,NULL,NULL,NULL,NULL,NULL,False,NULL,NULL,NULL,NULL
"FORMX_A.4.3.2","4.3.2 Export-Import Bank of India",NULL,"REPORT_PREPARER","RISK_REPORTING","[""balance_data"", ""counterparty"", ""fx_rate""]","[{""join_type"": ""left"", ""left_keys"": [""counterparty_id""], ""left_table"": ""balance_data"", ""right_keys"": [""counterparty_id""], ""right_table"": ""counterparty""}, {""join_type"": ""left"", ""left_keys"": [""currency""], ""left_table"": ""balance_data"", ""right_keys"": [""from_currency""], ""right_table"": ""fx_rate""}]","{""balance_data"": {""product_level_2"": {""eq"": ""Borrowings""}}, ""counterparty"": {""counterparty_type"": {""eq"": ""EXIM Bank""}}}","{""balance_data"": {""total_value"": {""alias"": ""total_value"", ""expression"": ""SUM(balance_data.amount * fx_rate.fx_rate)""}}}",NULL,NULL,NULL,NULL,NULL,NULL,False,NULL,NULL,NULL,NULL
"FORMX_A.4.3.3","4.3.3 Other financial institutions",NULL,"REPORT_PREPARER","RISK_REPORTING","[""balance_data"", ""counterparty"", ""fx_rate""]","[{""join_type"": ""left"", ""left_keys"": [""counterparty_id""], ""left_table"": ""balance_data"", ""right_keys"": [""counterparty_id""], ""right_table"": ""counterparty""}, {""join_type"": ""left"", ""left_keys"": [""currency""], ""left_table"": ""balance_data"", ""right_keys"": [""from_currency""], ""right_table"": ""fx_rate""}]","{""balance_data"": {""product_level_2"": {""eq"": ""Borrowings""}, ""product_level_3"": {""eq"": ""Financial Institutions India""}}, ""counterparty"": {""counterparty_type"": {""ne"": ""EXIM Bank""}}}","{""balance_data"": {""total_value"": {""alias"": ""total_value"", ""expression"": ""SUM(balance_data.amount * fx_rate.fx_rate)""}}}",NULL,NULL,NULL,NULL,NULL,NULL,False,NULL,NULL,NULL,NULL
"FORMX_A.4.4","4.4 Financial institutions outside India",NULL,"REPORT_PREPARER","RISK_REPORTING","[""balance_data"", ""counterparty"", ""fx_rate""]","[{""join_type"": ""left"", ""left_keys"": [""counterparty_id""], ""left_table"": ""balance_data"", ""right_keys"": [""counterparty_id""], ""right_table"": ""counterparty""}, {""join_type"": ""left"", ""left_keys"": [""currency""], ""left_table"": ""balance_data"", ""right_keys"": [""from_currency""], ""right_table"": ""fx_rate""}]","{""balance_data"": {""product_level_2"": {""eq"": ""Borrowings""}, ""product_level_3"": {""eq"": ""Financial Institutions Outside India""}}}","{""balance_data"": {""total_value"": {""alias"": ""total_value"", ""expression"": ""SUM(balance_data.amount * fx_rate.fx_rate)""}}}",NULL,NULL,NULL,NULL,NULL,NULL,False,NULL,NULL,NULL,NULL
"FORMX_A.5.1","5.1 Bills payable in India",NULL,"REPORT_PREPARER","RISK_REPORTING","[""balance_data"", ""fx_rate""]","[{""join_type"": ""left"", ""left_keys"": [""currency""], ""left_table"": ""balance_data"", ""right_keys"": [""from_currency""], ""right_table"": ""fx_rate""}]","{""balance_data"": {""product_level_2"": {""eq"": ""Other Liabilities""}, ""product_level_3"": {""eq"": ""Bills Payable India""}}}","{""balance_data"": {""total_value"": {""alias"": ""total_value"", ""expression"": ""SUM(balance_data.amount * fx_rate.fx_rate)""}}}",NULL,NULL,NULL,NULL,NULL,NULL,False,NULL,NULL,NULL,NULL
"FORMX_A.5.1.1","5.1.1 Drawn by Indian offices",NULL,NULL,NULL,"[""balance_data"", ""fx_rate""]","[{""join_type"": ""left"", ""left_keys"": [""currency""], ""left_table"": ""balance_data"", ""right_keys"": [""from_currency""], ""right_table"": ""fx_rate""}]","{""balance_data"": {""product_level_3"": {""eq"": ""Bills Payable India""}, ""product_level_4"": {""eq"": ""Indian Office""}}}","{""balance_data"": {""total_value"": {""alias"": ""total_value"", ""expression"": ""SUM(balance_data.amount * fx_rate.fx_rate)""}}}",NULL,NULL,NULL,NULL,NULL,NULL,False,NULL,NULL,NULL,NULL
"FORMX_A.5.1.2","5.1.2 Drawn by foreign offices",NULL,NULL,NULL,"[""balance_data"", ""fx_rate""]","[{""join_type"": ""left"", ""left_keys"": [""currency""], ""left_table"": ""balance_data"", ""right_keys"": [""from_currency""], ""right_table"": ""fx_rate""}]","{""balance_data"": {""product_level_3"": {""eq"": ""Bills Payable India""}, ""product_level_4"": {""eq"": ""Foreign Office""}}}","{""balance_data"": {""total_value"": {""alias"": ""total_value"", ""expression"": ""SUM(balance_data.amount * fx_rate.fx_rate)""}}}",NULL,NULL,NULL,NULL,NULL,NULL,False,NULL,NULL,NULL,NULL
"FORMX_A.5.2","5.2 Bills payable outside India",NULL,"REPORT_PREPARER","RISK_REPORTING","[""balance_data"", ""fx_rate""]","[{""join_type"": ""left"", ""left_keys"": [""currency""], ""left_table"": ""balance_data"", ""right_keys"": [""from_currency""], ""right_table"": ""fx_rate""}]","{""balance_data"": {""product_level_2"": {""eq"": ""Other Liabilities""}, ""product_level_3"": {""eq"": ""Bills Payable Outside India""}}}","{""balance_data"": {""total_value"": {""alias"": ""total_value"", ""expression"": ""SUM(balance_data.amount * fx_rate.fx_rate)""}}}",NULL,NULL,NULL,NULL,NULL,NULL,False,NULL,NULL,NULL,NULL
"FORMX_A.5.3","5.3 Calls received in advance",NULL,"REPORT_PREPARER","RISK_REPORTING","[""balance_data"", ""fx_rate""]","[{""join_type"": ""left"", ""left_keys"": [""currency""], ""left_table"": ""balance_data"", ""right_keys"": [""from_currency""], ""right_table"": ""fx_rate""}]","{""balance_data"": {""product_level_2"": {""eq"": ""Other Liabilities""}, ""product_level_3"": {""eq"": ""Calls Received in Advance""}}}","{""balance_data"": {""total_value"": {""alias"": ""total_value"", ""expression"": ""SUM(balance_data.amount * fx_rate.fx_rate)""}}}",NULL,NULL,NULL,NULL,NULL,NULL,False,NULL,NULL,NULL,NULL
"FORMX_A.5.4","5.4 Miscellaneous liabilities",NULL,"REPORT_PREPARER","RISK_REPORTING","[""balance_data"", ""fx_rate""]","[{""join_type"": ""left"", ""left_keys"": [""currency""], ""left_table"": ""balance_data"", ""right_keys"": [""from_currency""], ""right_table"": ""fx_rate""}]","{""balance_data"": {""product_level_2"": {""eq"": ""Other Liabilities""}, ""product_level_3"": {""eq"": ""Miscellaneous""}}}","{""balance_data"": {""total_value"": {""alias"": ""total_value"", ""expression"": ""SUM(balance_data.amount * fx_rate.fx_rate)""}}}",NULL,NULL,NULL,NULL,NULL,NULL,False,NULL,NULL,NULL,NULL
"FORMX_A.6.1","6.1 Branch adjustments among offices in India",NULL,"REPORT_PREPARER","RISK_REPORTING","[""balance_data"", ""fx_rate""]","[{""join_type"": ""left"", ""left_keys"": [""currency""], ""left_table"": ""balance_data"", ""right_keys"": [""from_currency""], ""right_table"": ""fx_rate""}]","{""balance_data"": {""product_level_2"": {""eq"": ""Branch Adjustment""}, ""product_level_3"": {""eq"": ""India Offices""}}}","{""balance_data"": {""total_value"": {""alias"": ""total_value"", ""expression"": ""SUM(balance_data.amount * fx_rate.fx_rate)""}}}",NULL,NULL,NULL,NULL,NULL,NULL,False,NULL,NULL,NULL,NULL
"FORMX_A.6.2","6.2 Branch adjustments with office outside India",NULL,"REPORT_PREPARER","RISK_REPORTING","[""balance_data"", ""fx_rate""]","[{""join_type"": ""left"", ""left_keys"": [""currency""], ""left_table"": ""balance_data"", ""right_keys"": [""from_currency""], ""right_table"": ""fx_rate""}]","{""balance_data"": {""product_level_2"": {""eq"": ""Branch Adjustment""}, ""product_level_3"": {""eq"": ""Foreign Offices""}}}","{""balance_data"": {""total_value"": {""alias"": ""total_value"", ""expression"": ""SUM(balance_data.amount * fx_rate.fx_rate)""}}}",NULL,NULL,NULL,NULL,NULL,NULL,False,NULL,NULL,NULL,NULL
"FORMX_A.8","8. Balance of profit",NULL,"REPORT_PREPARER","RISK_REPORTING","[""balance_data"", ""fx_rate""]","[{""join_type"": ""left"", ""left_keys"": [""currency""], ""left_table"": ""balance_data"", ""right_keys"": [""from_currency""], ""right_table"": ""fx_rate""}]","{""balance_data"": {""product_level_1"": {""eq"": ""Liabilities""}, ""product_level_2"": {""eq"": ""Balance of Profit""}}}","{""balance_data"": {""total_value"": {""alias"": ""total_value"", ""expression"": ""SUM(balance_data.amount * fx_rate.fx_rate)""}}}",NULL,NULL,NULL,NULL,NULL,NULL,False,NULL,NULL,NULL,NULL
"FORMX_B.1","1. Cash in hand",NULL,"REPORT_PREPARER","RISK_REPORTING","[""balance_data"", ""fx_rate""]","[{""join_type"": ""left"", ""left_keys"": [""currency""], ""left_table"": ""balance_data"", ""right_keys"": [""from_currency""], ""right_table"": ""fx_rate""}]","{""balance_data"": {""product_level_1"": {""eq"": ""Assets""}, ""product_level_2"": {""eq"": ""Cash""}, ""product_level_3"": {""eq"": ""Cash in Hand""}}}","{""balance_data"": {""total_value"": {""alias"": ""total_value"", ""expression"": ""SUM(balance_data.amount * fx_rate.fx_rate)""}}}",NULL,NULL,NULL,NULL,NULL,NULL,False,NULL,NULL,NULL,NULL
"FORMX_B.10","10. Capitalized expenses",NULL,"REPORT_PREPARER","RISK_REPORTING","[""balance_data"", ""fx_rate""]","[{""join_type"": ""left"", ""left_keys"": [""currency""], ""left_table"": ""balance_data"", ""right_keys"": [""from_currency""], ""right_table"": ""fx_rate""}]","{""balance_data"": {""product_level_1"": {""eq"": ""Assets""}, ""product_level_2"": {""eq"": ""Capitalized Expenses""}}}","{""balance_data"": {""total_value"": {""alias"": ""total_value"", ""expression"": ""SUM(balance_data.amount * fx_rate.fx_rate)""}}}",NULL,NULL,NULL,NULL,NULL,NULL,False,NULL,NULL,NULL,NULL
"FORMX_B.11","11. Non-banking assets acquired in satisfaction of claims",NULL,"REPORT_PREPARER","RISK_REPORTING","[""balance_data"", ""counterparty"", ""fx_rate""]","[{""join_type"": ""left"", ""left_keys"": [""counterparty_id""], ""left_table"": ""balance_data"", ""right_keys"": [""counterparty_id""], ""right_table"": ""counterparty""}, {""join_type"": ""left"", ""left_keys"": [""currency""], ""left_table"": ""balance_data"", ""right_keys"": [""from_currency""], ""right_table"": ""fx_rate""}]","{""balance_data"": {""product_level_1"": {""eq"": ""Assets""}, ""product_level_2"": {""eq"": ""Non-Banking Assets""}}}","{""balance_data"": {""total_value"": {""alias"": ""total_value"", ""expression"": ""SUM(balance_data.amount * fx_rate.fx_rate)""}}}",NULL,NULL,NULL,NULL,NULL,NULL,False,NULL,NULL,NULL,NULL
"FORMX_B.12","12. Other tangible assets",NULL,"REPORT_PREPARER","RISK_REPORTING","[""balance_data"", ""fx_rate""]","[{""join_type"": ""left"", ""left_keys"": [""currency""], ""left_table"": ""balance_data"", ""right_keys"": [""from_currency""], ""right_table"": ""fx_rate""}]","{""balance_data"": {""product_level_1"": {""eq"": ""Assets""}, ""product_level_2"": {""eq"": ""Other Tangible Assets""}}}","{""balance_data"": {""total_value"": {""alias"": ""total_value"", ""expression"": ""SUM(balance_data.amount * fx_rate.fx_rate)""}}}",NULL,NULL,NULL,NULL,NULL,NULL,False,NULL,NULL,NULL,NULL
"FORMX_B.2","2. Balances with Reserve Bank of India",NULL,"REPORT_PREPARER","RISK_REPORTING","[""balance_data"", ""counterparty"", ""fx_rate""]","[{""join_type"": ""left"", ""left_keys"": [""counterparty_id""], ""left_table"": ""balance_data"", ""right_keys"": [""counterparty_id""], ""right_table"": ""counterparty""}, {""join_type"": ""left"", ""left_keys"": [""currency""], ""left_table"": ""balance_data"", ""right_keys"": [""from_currency""], ""right_table"": ""fx_rate""}]","{""balance_data"": {""product_level_1"": {""eq"": ""Assets""}, ""product_level_2"": {""eq"": ""Balances with RBI""}}}","{""balance_data"": {""total_value"": {""alias"": ""total_value"", ""expression"": ""SUM(balance_data.amount * fx_rate.fx_rate)""}}}",NULL,NULL,NULL,NULL,NULL,NULL,False,NULL,NULL,NULL,NULL
"FORMX_B.3.1","3.1 The State Bank of India",NULL,"REPORT_PREPARER","RISK_REPORTING","[""balance_data"", ""counterparty"", ""fx_rate""]","[{""join_type"": ""left"", ""left_keys"": [""counterparty_id""], ""left_table"": ""balance_data"", ""right_keys"": [""counterparty_id""], ""right_table"": ""counterparty""}, {""join_type"": ""left"", ""left_keys"": [""currency""], ""left_table"": ""balance_data"", ""right_keys"": [""from_currency""], ""right_table"": ""fx_rate""}]","{""balance_data"": {""product_level_2"": {""eq"": ""Bank Balances""}}, ""counterparty"": {""residency"": {""eq"": ""India""}, ""counterparty_type"": {""eq"": ""SBI""}}}","{""balance_data"": {""total_value"": {""alias"": ""total_value"", ""expression"": ""SUM(balance_data.amount * fx_rate.fx_rate)""}}}",NULL,NULL,NULL,NULL,NULL,NULL,False,NULL,NULL,NULL,NULL
"FORMX_B.3.2","3.2 Other Commercial banks",NULL,"REPORT_PREPARER","RISK_REPORTING","[""balance_data"", ""counterparty"", ""fx_rate""]","[{""join_type"": ""left"", ""left_keys"": [""counterparty_id""], ""left_table"": ""balance_data"", ""right_keys"": [""counterparty_id""], ""right_table"": ""counterparty""}, {""join_type"": ""left"", ""left_keys"": [""currency""], ""left_table"": ""balance_data"", ""right_keys"": [""from_currency""], ""right_table"": ""fx_rate""}]","{""balance_data"": {""product_level_2"": {""eq"": ""Bank Balances""}}, ""counterparty"": {""bank_type"": {""eq"": ""Commercial Bank""}, ""residency"": {""eq"": ""India""}, ""counterparty_type"": {""ne"": ""SBI""}}}","{""balance_data"": {""total_value"": {""alias"": ""total_value"", ""expression"": ""SUM(balance_data.amount * fx_rate.fx_rate)""}}}",NULL,NULL,NULL,NULL,NULL,NULL,False,NULL,NULL,NULL,NULL
"FORMX_B.3.3","3.3 Co-operative Banks",NULL,"REPORT_PREPARER","RISK_REPORTING","[""balance_data"", ""counterparty"", ""fx_rate""]","[{""join_type"": ""left"", ""left_keys"": [""counterparty_id""], ""left_table"": ""balance_data"", ""right_keys"": [""counterparty_id""], ""right_table"": ""counterparty""}, {""join_type"": ""left"", ""left_keys"": [""currency""], ""left_table"": ""balance_data"", ""right_keys"": [""from_currency""], ""right_table"": ""fx_rate""}]","{""balance_data"": {""product_level_2"": {""eq"": ""Bank Balances""}}, ""counterparty"": {""bank_type"": {""eq"": ""Co-operative Bank""}, ""residency"": {""eq"": ""India""}}}","{""balance_data"": {""total_value"": {""alias"": ""total_value"", ""expression"": ""SUM(balance_data.amount * fx_rate.fx_rate)""}}}",NULL,NULL,NULL,NULL,NULL,NULL,False,NULL,NULL,NULL,NULL
"FORMX_B.4.1","4.1 With Commercial Banks",NULL,"REPORT_PREPARER","RISK_REPORTING","[""balance_data"", ""counterparty"", ""fx_rate""]","[{""join_type"": ""left"", ""left_keys"": [""counterparty_id""], ""left_table"": ""balance_data"", ""right_keys"": [""counterparty_id""], ""right_table"": ""counterparty""}, {""join_type"": ""left"", ""left_keys"": [""currency""], ""left_table"": ""balance_data"", ""right_keys"": [""from_currency""], ""right_table"": ""fx_rate""}]","{""balance_data"": {""product_level_2"": {""eq"": ""Money at Call and Short Notice""}}, ""counterparty"": {""bank_type"": {""eq"": ""Commercial Bank""}}}","{""balance_data"": {""total_value"": {""alias"": ""total_value"", ""expression"": ""SUM(balance_data.amount * fx_rate.fx_rate)""}}}",NULL,NULL,NULL,NULL,NULL,NULL,False,NULL,NULL,NULL,NULL
"FORMX_B.4.2","4.2 With Co-operative Banks",NULL,"REPORT_PREPARER","RISK_REPORTING","[""balance_data"", ""counterparty"", ""fx_rate""]","[{""join_type"": ""left"", ""left_keys"": [""counterparty_id""], ""left_table"": ""balance_data"", ""right_keys"": [""counterparty_id""], ""right_table"": ""counterparty""}, {""join_type"": ""left"", ""left_keys"": [""currency""], ""left_table"": ""balance_data"", ""right_keys"": [""from_currency""], ""right_table"": ""fx_rate""}]","{""balance_data"": {""product_level_2"": {""eq"": ""Money at Call and Short Notice""}}, ""counterparty"": {""bank_type"": {""eq"": ""Co-operative Bank""}}}","{""balance_data"": {""total_value"": {""alias"": ""total_value"", ""expression"": ""SUM(balance_data.amount * fx_rate.fx_rate)""}}}",NULL,NULL,NULL,NULL,NULL,NULL,False,NULL,NULL,NULL,NULL
"FORMX_B.4.3","4.3 With other financial institutions",NULL,"REPORT_PREPARER","RISK_REPORTING","[""balance_data"", ""counterparty"", ""fx_rate""]","[{""join_type"": ""left"", ""left_keys"": [""counterparty_id""], ""left_table"": ""balance_data"", ""right_keys"": [""counterparty_id""], ""right_table"": ""counterparty""}, {""join_type"": ""left"", ""left_keys"": [""currency""], ""left_table"": ""balance_data"", ""right_keys"": [""from_currency""], ""right_table"": ""fx_rate""}]","{""balance_data"": {""product_level_2"": {""eq"": ""Money at Call and Short Notice""}}, ""counterparty"": {""institution_type"": {""eq"": ""Financial Institution""}}}","{""balance_data"": {""total_value"": {""alias"": ""total_value"", ""expression"": ""SUM(balance_data.amount * fx_rate.fx_rate)""}}}",NULL,NULL,NULL,NULL,NULL,NULL,False,NULL,NULL,NULL,NULL
"FORMX_B.5.1","5.1 Treasury Bills",NULL,"REPORT_PREPARER","RISK_REPORTING","[""balance_data"", ""security"", ""fx_rate""]","[{""join_type"": ""left"", ""left_keys"": [""security_id""], ""left_table"": ""balance_data"", ""right_keys"": [""security_id""], ""right_table"": ""security""}, {""join_type"": ""left"", ""left_keys"": [""currency""], ""left_table"": ""balance_data"", ""right_keys"": [""from_currency""], ""right_table"": ""fx_rate""}]","{""security"": {""security_category"": {""eq"": ""Treasury Bills""}}, ""balance_data"": {""product_level_2"": {""eq"": ""Investments""}}}","{""balance_data"": {""total_value"": {""alias"": ""total_value"", ""expression"": ""SUM(balance_data.amount * fx_rate.fx_rate)""}}}",NULL,NULL,NULL,NULL,NULL,NULL,False,NULL,NULL,NULL,NULL
"FORMX_B.5.2","5.2 Other Central Government Securities",NULL,"REPORT_PREPARER","RISK_REPORTING","[""balance_data"", ""security"", ""fx_rate""]","[{""join_type"": ""left"", ""left_keys"": [""security_id""], ""left_table"": ""balance_data"", ""right_keys"": [""security_id""], ""right_table"": ""security""}, {""join_type"": ""left"", ""left_keys"": [""currency""], ""left_table"": ""balance_data"", ""right_keys"": [""from_currency""], ""right_table"": ""fx_rate""}]","{""security"": {""security_category"": {""eq"": ""Central Government Securities""}}, ""balance_data"": {""product_level_2"": {""eq"": ""Investments""}}}","{""balance_data"": {""total_value"": {""alias"": ""total_value"", ""expression"": ""SUM(balance_data.amount * fx_rate.fx_rate)""}}}",NULL,NULL,NULL,NULL,NULL,NULL,False,NULL,NULL,NULL,NULL
"FORMX_B.5.3","5.3 State Government securities",NULL,"REPORT_PREPARER","RISK_REPORTING","[""balance_data"", ""security"", ""fx_rate""]","[{""join_type"": ""left"", ""left_keys"": [""security_id""], ""left_table"": ""balance_data"", ""right_keys"": [""security_id""], ""right_table"": ""security""}, {""join_type"": ""left"", ""left_keys"": [""currency""], ""left_table"": ""balance_data"", ""right_keys"": [""from_currency""], ""right_table"": ""fx_rate""}]","{""security"": {""security_category"": {""eq"": ""State Government Securities""}}, ""balance_data"": {""product_level_2"": {""eq"": ""Investments""}}}","{""balance_data"": {""total_value"": {""alias"": ""total_value"", ""expression"": ""SUM(balance_data.amount * fx_rate.fx_rate)""}}}",NULL,NULL,NULL,NULL,NULL,NULL,False,NULL,NULL,NULL,NULL
"FORMX_B.5.4","5.4 Other approved securities",NULL,"REPORT_PREPARER","RISK_REPORTING","[""balance_data"", ""security"", ""fx_rate""]","[{""join_type"": ""left"", ""left_keys"": [""security_id""], ""left_table"": ""balance_data"", ""right_keys"": [""security_id""], ""right_table"": ""security""}, {""join_type"": ""left"", ""left_keys"": [""currency""], ""left_table"": ""balance_data"", ""right_keys"": [""from_currency""], ""right_table"": ""fx_rate""}]","{""security"": {""security_category"": {""eq"": ""Other Approved Securities""}}, ""balance_data"": {""product_level_2"": {""eq"": ""Investments""}}}","{""balance_data"": {""total_value"": {""alias"": ""total_value"", ""expression"": ""SUM(balance_data.amount * fx_rate.fx_rate)""}}}",NULL,NULL,NULL,NULL,NULL,NULL,False,NULL,NULL,NULL,NULL
"FORMX_B.5.5","5.5 Shares and debentures of companies and corporations",NULL,"REPORT_PREPARER","RISK_REPORTING","[""balance_data"", ""security"", ""fx_rate""]","[{""join_type"": ""left"", ""left_keys"": [""security_id""], ""left_table"": ""balance_data"", ""right_keys"": [""security_id""], ""right_table"": ""security""}, {""join_type"": ""left"", ""left_keys"": [""currency""], ""left_table"": ""balance_data"", ""right_keys"": [""from_currency""], ""right_table"": ""fx_rate""}]","{""security"": {""security_category"": {""eq"": ""Shares/Debentures""}}, ""balance_data"": {""product_level_2"": {""eq"": ""Investments""}}}","{""balance_data"": {""total_value"": {""alias"": ""total_value"", ""expression"": ""SUM(balance_data.amount * fx_rate.fx_rate)""}}}",NULL,NULL,NULL,NULL,NULL,NULL,False,NULL,NULL,NULL,NULL
"FORMX_B.5.6","5.6 Fixed deposits with banks",NULL,"REPORT_PREPARER","RISK_REPORTING","[""balance_data"", ""counterparty"", ""fx_rate""]","[{""join_type"": ""left"", ""left_keys"": [""counterparty_id""], ""left_table"": ""balance_data"", ""right_keys"": [""counterparty_id""], ""right_table"": ""counterparty""}, {""join_type"": ""left"", ""left_keys"": [""currency""], ""left_table"": ""balance_data"", ""right_keys"": [""from_currency""], ""right_table"": ""fx_rate""}]","{""balance_data"": {""product_level_2"": {""eq"": ""Investments""}, ""product_level_3"": {""eq"": ""Fixed Deposits""}}, ""counterparty"": {""bank_type"": {""ne"": null}}}","{""balance_data"": {""total_value"": {""alias"": ""total_value"", ""expression"": ""SUM(balance_data.amount * fx_rate.fx_rate)""}}}",NULL,NULL,NULL,NULL,NULL,NULL,False,NULL,NULL,NULL,NULL
"FORMX_B.5.7","5.7 Other investments in India",NULL,"REPORT_PREPARER","RISK_REPORTING","[""balance_data"", ""security"", ""fx_rate""]","[{""join_type"": ""left"", ""left_keys"": [""security_id""], ""left_table"": ""balance_data"", ""right_keys"": [""security_id""], ""right_table"": ""security""}, {""join_type"": ""left"", ""left_keys"": [""currency""], ""left_table"": ""balance_data"", ""right_keys"": [""from_currency""], ""right_table"": ""fx_rate""}]","{""balance_data"": {""product_level_2"": {""eq"": ""Investments""}, ""product_level_3"": {""eq"": ""Other Investments India""}}}","{""balance_data"": {""total_value"": {""alias"": ""total_value"", ""expression"": ""SUM(balance_data.amount * fx_rate.fx_rate)""}}}",NULL,NULL,NULL,NULL,NULL,NULL,False,NULL,NULL,NULL,NULL
"FORMX_B.6.1","6.1 Inland bills purchased and discounted",NULL,"REPORT_PREPARER","RISK_REPORTING","[""balance_data"", ""facility"", ""counterparty"", ""fx_rate""]","[{""join_type"": ""left"", ""left_keys"": [""facility_id""], ""left_table"": ""balance_data"", ""right_keys"": [""facility_id""], ""right_table"": ""facility""}, {""join_type"": ""left"", ""left_keys"": [""counterparty_id""], ""left_table"": ""balance_data"", ""right_keys"": [""counterparty_id""], ""right_table"": ""counterparty""}, {""join_type"": ""left"", ""left_keys"": [""currency""], ""left_table"": ""balance_data"", ""right_keys"": [""from_currency""], ""right_table"": ""fx_rate""}]","{""balance_data"": {""product_level_2"": {""eq"": ""Bills Purchased and Discounted""}, ""product_level_3"": {""eq"": ""Inland Bills""}}}","{""balance_data"": {""total_value"": {""alias"": ""total_value"", ""expression"": ""SUM(balance_data.amount * fx_rate.fx_rate)""}}}",NULL,NULL,NULL,NULL,NULL,NULL,False,NULL,NULL,NULL,NULL
"FORMX_B.6.2","6.2 Foreign bills purchased and discounted",NULL,"REPORT_PREPARER","RISK_REPORTING","[""balance_data"", ""facility"", ""fx_rate""]","[{""join_type"": ""left"", ""left_keys"": [""facility_id""], ""left_table"": ""balance_data"", ""right_keys"": [""facility_id""], ""right_table"": ""facility""}, {""join_type"": ""left"", ""left_keys"": [""currency""], ""left_table"": ""balance_data"", ""right_keys"": [""from_currency""], ""right_table"": ""fx_rate""}]","{""balance_data"": {""product_level_2"": {""eq"": ""Bills Purchased and Discounted""}, ""product_level_3"": {""eq"": ""Foreign Bills""}}}","{""balance_data"": {""total_value"": {""alias"": ""total_value"", ""expression"": ""SUM(balance_data.amount * fx_rate.fx_rate)""}}}",NULL,NULL,NULL,NULL,NULL,NULL,False,NULL,NULL,NULL,NULL
"FORMX_B.6.2.1","6.2.1 Export bills drawn in India",NULL,NULL,NULL,"[""balance_data"", ""facility"", ""fx_rate""]","[{""join_type"": ""left"", ""left_keys"": [""facility_id""], ""left_table"": ""balance_data"", ""right_keys"": [""facility_id""], ""right_table"": ""facility""}, {""join_type"": ""left"", ""left_keys"": [""currency""], ""left_table"": ""balance_data"", ""right_keys"": [""from_currency""], ""right_table"": ""fx_rate""}]","{""facility"": {""loan_category"": {""eq"": ""Drawn in India""}}, ""balance_data"": {""product_level_3"": {""eq"": ""Foreign Bills""}, ""product_level_4"": {""eq"": ""Export Bills""}}}","{""balance_data"": {""total_value"": {""alias"": ""total_value"", ""expression"": ""SUM(balance_data.amount * fx_rate.fx_rate)""}}}",NULL,NULL,NULL,NULL,NULL,NULL,False,NULL,NULL,NULL,NULL
"FORMX_B.6.2.2","6.2.2 Import bills drawn on and payable in India",NULL,NULL,NULL,"[""balance_data"", ""facility"", ""fx_rate""]","[{""join_type"": ""left"", ""left_keys"": [""facility_id""], ""left_table"": ""balance_data"", ""right_keys"": [""facility_id""], ""right_table"": ""facility""}, {""join_type"": ""left"", ""left_keys"": [""currency""], ""left_table"": ""balance_data"", ""right_keys"": [""from_currency""], ""right_table"": ""fx_rate""}]","{""facility"": {""loan_category"": {""eq"": ""Payable in India""}}, ""balance_data"": {""product_level_3"": {""eq"": ""Foreign Bills""}, ""product_level_4"": {""eq"": ""Import Bills""}}}","{""balance_data"": {""total_value"": {""alias"": ""total_value"", ""expression"": ""SUM(balance_data.amount * fx_rate.fx_rate)""}}}",NULL,NULL,NULL,NULL,NULL,NULL,False,NULL,NULL,NULL,NULL
"FORMX_B.6.2.3.1","6.2.3.1 Other foreign bills payable in India",NULL,NULL,NULL,"[""balance_data"", ""facility"", ""fx_rate""]","[{""join_type"": ""left"", ""left_keys"": [""facility_id""], ""left_table"": ""balance_data"", ""right_keys"": [""facility_id""], ""right_table"": ""facility""}, {""join_type"": ""left"", ""left_keys"": [""currency""], ""left_table"": ""balance_data"", ""right_keys"": [""from_currency""], ""right_table"": ""fx_rate""}]","{""facility"": {""loan_category"": {""eq"": ""Payable in India""}}, ""balance_data"": {""product_level_3"": {""eq"": ""Foreign Bills""}, ""product_level_4"": {""eq"": ""Other Foreign Bills""}}}","{""balance_data"": {""total_value"": {""alias"": ""total_value"", ""expression"": ""SUM(balance_data.amount * fx_rate.fx_rate)""}}}",NULL,NULL,NULL,NULL,NULL,NULL,False,NULL,NULL,NULL,NULL
"FORMX_B.6.2.3.2","6.2.3.2 Other foreign bills payable outside India",NULL,NULL,NULL,"[""balance_data"", ""facility"", ""fx_rate""]","[{""join_type"": ""left"", ""left_keys"": [""facility_id""], ""left_table"": ""balance_data"", ""right_keys"": [""facility_id""], ""right_table"": ""facility""}, {""join_type"": ""left"", ""left_keys"": [""currency""], ""left_table"": ""balance_data"", ""right_keys"": [""from_currency""], ""right_table"": ""fx_rate""}]","{""facility"": {""loan_category"": {""eq"": ""Payable Outside India""}}, ""balance_data"": {""product_level_3"": {""eq"": ""Foreign Bills""}, ""product_level_4"": {""eq"": ""Other Foreign Bills""}}}","{""balance_data"": {""total_value"": {""alias"": ""total_value"", ""expression"": ""SUM(balance_data.amount * fx_rate.fx_rate)""}}}",NULL,NULL,NULL,NULL,NULL,NULL,False,NULL,NULL,NULL,NULL
"FORMX_B.7.1","7.1 Loans and advances excluding due from banks",NULL,"REPORT_PREPARER","RISK_REPORTING","[""balance_data"", ""facility"", ""counterparty"", ""fx_rate""]","[{""join_type"": ""left"", ""left_keys"": [""facility_id""], ""left_table"": ""balance_data"", ""right_keys"": [""facility_id""], ""right_table"": ""facility""}, {""join_type"": ""left"", ""left_keys"": [""counterparty_id""], ""left_table"": ""balance_data"", ""right_keys"": [""counterparty_id""], ""right_table"": ""counterparty""}, {""join_type"": ""left"", ""left_keys"": [""currency""], ""left_table"": ""balance_data"", ""right_keys"": [""from_currency""], ""right_table"": ""fx_rate""}]","{""balance_data"": {""product_level_2"": {""eq"": ""Loans and Advances""}}, ""counterparty"": {""sector"": {""ne"": ""Bank""}}}","{""balance_data"": {""total_value"": {""alias"": ""total_value"", ""expression"": ""SUM(balance_data.amount * fx_rate.fx_rate)""}}}",NULL,NULL,NULL,NULL,NULL,NULL,False,NULL,NULL,NULL,NULL
"FORMX_B.7.2.1","7.2.1 Co-operative banks in India",NULL,"REPORT_PREPARER","RISK_REPORTING","[""balance_data"", ""counterparty"", ""fx_rate""]","[{""join_type"": ""left"", ""left_keys"": [""counterparty_id""], ""left_table"": ""balance_data"", ""right_keys"": [""counterparty_id""], ""right_table"": ""counterparty""}, {""join_type"": ""left"", ""left_keys"": [""currency""], ""left_table"": ""balance_data"", ""right_keys"": [""from_currency""], ""right_table"": ""fx_rate""}]","{""balance_data"": {""product_level_2"": {""eq"": ""Loans and Advances""}}, ""counterparty"": {""bank_type"": {""eq"": ""Co-operative Bank""}, ""residency"": {""eq"": ""India""}}}","{""balance_data"": {""total_value"": {""alias"": ""total_value"", ""expression"": ""SUM(balance_data.amount * fx_rate.fx_rate)""}}}",NULL,NULL,NULL,NULL,NULL,NULL,False,NULL,NULL,NULL,NULL
"FORMX_B.7.2.2","7.2.2 Commercial banks in India",NULL,"REPORT_PREPARER","RISK_REPORTING","[""balance_data"", ""counterparty"", ""fx_rate""]","[{""join_type"": ""left"", ""left_keys"": [""counterparty_id""], ""left_table"": ""balance_data"", ""right_keys"": [""counterparty_id""], ""right_table"": ""counterparty""}, {""join_type"": ""left"", ""left_keys"": [""currency""], ""left_table"": ""balance_data"", ""right_keys"": [""from_currency""], ""right_table"": ""fx_rate""}]","{""balance_data"": {""product_level_2"": {""eq"": ""Loans and Advances""}}, ""counterparty"": {""bank_type"": {""eq"": ""Commercial Bank""}, ""residency"": {""eq"": ""India""}}}","{""balance_data"": {""total_value"": {""alias"": ""total_value"", ""expression"": ""SUM(balance_data.amount * fx_rate.fx_rate)""}}}",NULL,NULL,NULL,NULL,NULL,NULL,False,NULL,NULL,NULL,NULL
"FORMX_B.7.2.3","7.2.3 Banks outside India",NULL,"REPORT_PREPARER","RISK_REPORTING","[""balance_data"", ""counterparty"", ""fx_rate""]","[{""join_type"": ""left"", ""left_keys"": [""counterparty_id""], ""left_table"": ""balance_data"", ""right_keys"": [""counterparty_id""], ""right_table"": ""counterparty""}, {""join_type"": ""left"", ""left_keys"": [""currency""], ""left_table"": ""balance_data"", ""right_keys"": [""from_currency""], ""right_table"": ""fx_rate""}]","{""balance_data"": {""product_level_2"": {""eq"": ""Loans and Advances""}}, ""counterparty"": {""bank_type"": {""eq"": ""Bank""}, ""residency"": {""ne"": ""India""}}}","{""balance_data"": {""total_value"": {""alias"": ""total_value"", ""expression"": ""SUM(balance_data.amount * fx_rate.fx_rate)""}}}",NULL,NULL,NULL,NULL,NULL,NULL,False,NULL,NULL,NULL,NULL
"FORMX_B.8","8. Premises, Furniture, Fixtures and other Fixed assets",NULL,"REPORT_PREPARER","RISK_REPORTING","[""balance_data"", ""fx_rate""]","[{""join_type"": ""left"", ""left_keys"": [""currency""], ""left_table"": ""balance_data"", ""right_keys"": [""from_currency""], ""right_table"": ""fx_rate""}]","{""balance_data"": {""product_level_1"": {""eq"": ""Assets""}, ""product_level_2"": {""eq"": ""Fixed Assets""}}}","{""balance_data"": {""total_value"": {""alias"": ""total_value"", ""expression"": ""SUM(balance_data.amount * fx_rate.fx_rate)""}}}",NULL,NULL,NULL,NULL,NULL,NULL,False,NULL,NULL,NULL,NULL
"FORMX_B.9.1","9.1 Branch adjustment among offices in India",NULL,"REPORT_PREPARER","RISK_REPORTING","[""balance_data"", ""fx_rate""]","[{""join_type"": ""left"", ""left_keys"": [""currency""], ""left_table"": ""balance_data"", ""right_keys"": [""from_currency""], ""right_table"": ""fx_rate""}]","{""balance_data"": {""product_level_2"": {""eq"": ""Branch Adjustment""}, ""product_level_3"": {""eq"": ""India Offices""}}}","{""balance_data"": {""total_value"": {""alias"": ""total_value"", ""expression"": ""SUM(balance_data.amount * fx_rate.fx_rate)""}}}",NULL,NULL,NULL,NULL,NULL,NULL,False,NULL,NULL,NULL,NULL
"FORMX_B.9.2","9.2 Branch adjustment with offices outside India",NULL,"REPORT_PREPARER","RISK_REPORTING","[""balance_data"", ""fx_rate""]","[{""join_type"": ""left"", ""left_keys"": [""currency""], ""left_table"": ""balance_data"", ""right_keys"": [""from_currency""], ""right_table"": ""fx_rate""}]","{""balance_data"": {""product_level_2"": {""eq"": ""Branch Adjustment""}, ""product_level_3"": {""eq"": ""Foreign Offices""}}}","{""balance_data"": {""total_value"": {""alias"": ""total_value"", ""expression"": ""SUM(balance_data.amount * fx_rate.fx_rate)""}}}",NULL,NULL,NULL,NULL,NULL,NULL,False,NULL,NULL,NULL,NULL
"LGD-001","Establish facility-level exposure for LGD calculation","Identify the facility-level Exposure at Default (EAD) that forms the exposure base for subsequent collateral, guarantee, recovery and LGD calculations. Exposure is retained at legal obligor and facility level rather than being aggregated at ultimate parent level.","LGD Analyst","Credit Risk","[""facility_lgd""]","[]","{}","{""facility_lgd"": {""currency"": ""currency"", ""seniority"": ""seniority"", ""ead_amount"": ""ead_amount"", ""facility_id"": ""facility_id"", ""facility_type"": ""facility_type"", ""default_status"": ""default_status"", ""legal_obligor_id"": ""legal_obligor_id"", ""facility_sub_type"": ""facility_sub_type"", ""ultimate_parent_id"": ""ultimate_parent_id"", ""beneficiary_entity_id"": ""beneficiary_entity_id""}}","[]","{}","{}","[]","{}","",False,"Common Wholesale LGD Framework","",NULL,NULL
"LGD-002","Calculate eligible collateral value after haircut","Calculate the eligible collateral value available to each facility by applying the collateral haircut to the amount allocated to the facility. The rule retains facility, collateral, allocation, valuation, enforceability and shared-pool information required for subsequent LGD calculations.","LGD Analyst","Credit Risk","[""facility_collateral_lgd"", ""collateral_lgd""]","[{""join_type"": ""left"", ""left_keys"": [""collateral_id""], ""left_table"": ""facility_collateral_lgd"", ""right_keys"": [""collateral_id""], ""right_table"": ""collateral_lgd""}]","{""collateral_lgd"": {""shared_pool_flag"": {""eq"": false}}}","{""collateral_lgd"": {""currency"": ""currency"", ""haircut_pct"": ""haircut_pct"", ""title_status"": ""title_status"", ""current_value"": ""current_value"", ""downturn_value"": ""downturn_value"", ""valuation_date"": ""valuation_date"", ""collateral_type"": ""collateral_type"", ""shared_pool_flag"": ""shared_pool_flag"", ""enforceability_status"": ""enforceability_status"", ""collateral_description"": ""collateral_description"", ""valuation_validity_days"": ""valuation_validity_days"", ""eligible_collateral_value"": {""alias"": ""eligible_collateral_value"", ""expression"": ""(coalesce(facility_collateral_lgd.allocation_amount,0) * (1 - coalesce(collateral_lgd.haircut_pct,0) / 100))""}}, ""facility_collateral_lgd"": {""priority"": ""priority"", ""facility_id"": ""facility_id"", ""collateral_id"": ""collateral_id"", ""allocation_pct"": ""allocation_pct"", ""allocation_amount"": ""allocation_amount"", ""allocation_status"": ""allocation_status""}}","[]","{}","{}","[]","{}","",False,"Common Wholesale LGD Framework","",NULL,NULL
"MPD02_AFD_028","Advances against Fixed Deposits","Report MPD02: classify and report the line item 'Advances against Fixed Deposits' using the specified Product Level hierarchy in BALANCE_DATA. Apply the stated condition to identify the eligible records and convert the source amount to the entity reporting currency using the applicable FX rate for the reporting date.","REPORT_PREPARER","RISK_REPORTING","[""balance_data"", ""fx_rate""]","[{""join_type"": ""inner"", ""left_keys"": [""currency""], ""left_table"": ""balance_data"", ""right_keys"": [""from_currency""], ""right_table"": ""fx_rate""}]","{""balance_data"": {""product_level_1"": {""eq"": ""Assets""}, ""product_level_2"": {""eq"": ""Loans and Advances""}, ""product_level_3"": {""eq"": ""Personal Loans""}, ""product_level_4"": {""eq"": ""Advances against Fixed Deposits""}}}","{""balance_data"": {""total_value"": {""alias"": ""total_value"", ""expression"": ""SUM(balance_data.amount * fx_rate.fx_rate)""}}}",NULL,NULL,NULL,NULL,NULL,NULL,False,NULL,NULL,NULL,NULL
"MPD02_AGD_003","Agriculture and Allied Activities - Direct","Report MPD02: classify and report the line item 'Agriculture and Allied Activities - Direct' using the specified Product Level hierarchy in BALANCE_DATA. Apply the stated condition to identify the eligible records and convert the source amount to the entity reporting currency using the applicable FX rate for the reporting date.","REPORT_PREPARER","RISK_REPORTING","[""balance_data"", ""fx_rate""]","[{""join_type"": ""inner"", ""left_keys"": [""currency""], ""left_table"": ""balance_data"", ""right_keys"": [""from_currency""], ""right_table"": ""fx_rate""}]","{""balance_data"": {""product_level_1"": {""eq"": ""Assets""}, ""product_level_2"": {""eq"": ""Loans and Advances""}, ""product_level_3"": {""eq"": ""Agriculture and Allied Activities""}, ""product_level_4"": {""eq"": ""Direct""}}}","{""balance_data"": {""total_value"": {""alias"": ""total_value"", ""expression"": ""SUM(balance_data.amount * fx_rate.fx_rate)""}}}",NULL,NULL,NULL,NULL,NULL,NULL,False,NULL,NULL,NULL,NULL
"MPD02_AGI_004","Agriculture and Allied Activities - Indirect","Report MPD02: classify and report the line item 'Agriculture and Allied Activities - Indirect' using the specified Product Level hierarchy in BALANCE_DATA. Apply the stated condition to identify the eligible records and convert the source amount to the entity reporting currency using the applicable FX rate for the reporting date.","REPORT_PREPARER","RISK_REPORTING","[""balance_data"", ""fx_rate""]","[{""join_type"": ""inner"", ""left_keys"": [""currency""], ""left_table"": ""balance_data"", ""right_keys"": [""from_currency""], ""right_table"": ""fx_rate""}]","{""balance_data"": {""product_level_1"": {""eq"": ""Assets""}, ""product_level_2"": {""eq"": ""Loans and Advances""}, ""product_level_3"": {""eq"": ""Agriculture and Allied Activities""}, ""product_level_4"": {""eq"": ""Indirect""}}}","{""balance_data"": {""total_value"": {""alias"": ""total_value"", ""expression"": ""SUM(balance_data.amount * fx_rate.fx_rate)""}}}",NULL,NULL,NULL,NULL,NULL,NULL,False,NULL,NULL,NULL,NULL
"MPD02_AGNB_088","Agriculture and Allied Activities - NBFC","Report MPD02: classify and report the line item 'Agriculture and Allied Activities - NBFC' using the specified Product Level hierarchy in BALANCE_DATA. Apply the stated condition to identify the eligible records and convert the source amount to the entity reporting currency using the applicable FX rate for the reporting date.","REPORT_PREPARER","RISK_REPORTING","[""balance_data"", ""fx_rate""]","[{""join_type"": ""inner"", ""left_keys"": [""currency""], ""left_table"": ""balance_data"", ""right_keys"": [""from_currency""], ""right_table"": ""fx_rate""}]","{""balance_data"": {""product_level_1"": {""eq"": ""Assets""}, ""product_level_2"": {""eq"": ""Loans and Advances""}, ""product_level_3"": {""eq"": ""Priority Sector""}, ""product_level_4"": {""eq"": ""Agriculture and Allied Activities - NBFC""}}}","{""balance_data"": {""total_value"": {""alias"": ""total_value"", ""expression"": ""SUM(balance_data.amount * fx_rate.fx_rate)""}}}",NULL,NULL,NULL,NULL,NULL,NULL,False,NULL,NULL,NULL,NULL
"MPD02_AGNP_090","Agriculture - Net PSLC-Agriculture","Report MPD02: classify and report the line item 'Agriculture - Net PSLC-Agriculture' using the specified Product Level hierarchy in BALANCE_DATA. Apply the stated condition to identify the eligible records and convert the source amount to the entity reporting currency using the applicable FX rate for the reporting date.","REPORT_PREPARER","RISK_REPORTING","[""balance_data"", ""fx_rate""]","[{""join_type"": ""inner"", ""left_keys"": [""currency""], ""left_table"": ""balance_data"", ""right_keys"": [""from_currency""], ""right_table"": ""fx_rate""}]","{""balance_data"": {""product_level_1"": {""eq"": ""Assets""}, ""product_level_2"": {""eq"": ""Loans and Advances""}, ""product_level_3"": {""eq"": ""Priority Sector""}, ""product_level_4"": {""eq"": ""Agriculture - Net PSLC-Agriculture""}}}","{""balance_data"": {""total_value"": {""alias"": ""total_value"", ""expression"": ""SUM(balance_data.amount * fx_rate.fx_rate)""}}}",NULL,NULL,NULL,NULL,NULL,NULL,False,NULL,NULL,NULL,NULL
"MPD02_AGNS_089","Agriculture - Net PSLC-SF/MF","Report MPD02: classify and report the line item 'Agriculture - Net PSLC-SF/MF' using the specified Product Level hierarchy in BALANCE_DATA. Apply the stated condition to identify the eligible records and convert the source amount to the entity reporting currency using the applicable FX rate for the reporting date.","REPORT_PREPARER","RISK_REPORTING","[""balance_data"", ""fx_rate""]","[{""join_type"": ""inner"", ""left_keys"": [""currency""], ""left_table"": ""balance_data"", ""right_keys"": [""from_currency""], ""right_table"": ""fx_rate""}]","{""balance_data"": {""product_level_1"": {""eq"": ""Assets""}, ""product_level_2"": {""eq"": ""Loans and Advances""}, ""product_level_3"": {""eq"": ""Priority Sector""}, ""product_level_4"": {""eq"": ""Agriculture - Net PSLC-SF/MF""}}}","{""balance_data"": {""total_value"": {""alias"": ""total_value"", ""expression"": ""SUM(balance_data.amount * fx_rate.fx_rate)""}}}",NULL,NULL,NULL,NULL,NULL,NULL,False,NULL,NULL,NULL,NULL
"MPD02_AIR_083","Airports","Report MPD02: classify and report the line item 'Airports' using the specified Product Level hierarchy in BALANCE_DATA. Apply the stated condition to identify the eligible records and convert the source amount to the entity reporting currency using the applicable FX rate for the reporting date.","REPORT_PREPARER","RISK_REPORTING","[""balance_data"", ""fx_rate""]","[{""join_type"": ""inner"", ""left_keys"": [""currency""], ""left_table"": ""balance_data"", ""right_keys"": [""from_currency""], ""right_table"": ""fx_rate""}]","{""balance_data"": {""product_level_1"": {""eq"": ""Assets""}, ""product_level_2"": {""eq"": ""Loans and Advances""}, ""product_level_3"": {""eq"": ""Industry""}, ""product_level_4"": {""eq"": ""Infrastructure""}, ""product_level_5"": {""eq"": ""Airports""}}}","{""balance_data"": {""total_value"": {""alias"": ""total_value"", ""expression"": ""SUM(balance_data.amount * fx_rate.fx_rate)""}}}",NULL,NULL,NULL,NULL,NULL,NULL,False,NULL,NULL,NULL,NULL
"MPD02_AVI_012","Aviation","Report MPD02: classify and report the line item 'Aviation' using the specified Product Level hierarchy in BALANCE_DATA. Apply the stated condition to identify the eligible records and convert the source amount to the entity reporting currency using the applicable FX rate for the reporting date.","REPORT_PREPARER","RISK_REPORTING","[""balance_data"", ""fx_rate""]","[{""join_type"": ""inner"", ""left_keys"": [""currency""], ""left_table"": ""balance_data"", ""right_keys"": [""from_currency""], ""right_table"": ""fx_rate""}]","{""balance_data"": {""product_level_1"": {""eq"": ""Assets""}, ""product_level_2"": {""eq"": ""Loans and Advances""}, ""product_level_3"": {""eq"": ""Services""}, ""product_level_4"": {""eq"": ""Aviation""}}}","{""balance_data"": {""total_value"": {""alias"": ""total_value"", ""expression"": ""SUM(balance_data.amount * fx_rate.fx_rate)""}}}",NULL,NULL,NULL,NULL,NULL,NULL,False,NULL,NULL,NULL,NULL
"MPD02_BF_024","Banking and Finance other than NBFCs and MFs","Report MPD02: classify and report the line item 'Banking and Finance other than NBFCs and MFs' using the specified Product Level hierarchy in BALANCE_DATA. Apply the stated condition to identify the eligible records and convert the source amount to the entity reporting currency using the applicable FX rate for the reporting date.","REPORT_PREPARER","RISK_REPORTING","[""balance_data"", ""fx_rate""]","[{""join_type"": ""inner"", ""left_keys"": [""currency""], ""left_table"": ""balance_data"", ""right_keys"": [""from_currency""], ""right_table"": ""fx_rate""}]","{""balance_data"": {""product_level_1"": {""eq"": ""Assets""}, ""product_level_2"": {""eq"": ""Loans and Advances""}, ""product_level_3"": {""eq"": ""Services""}, ""product_level_4"": {""eq"": ""Banking and Finance other than NBFCs and MFs""}}}","{""balance_data"": {""total_value"": {""alias"": ""total_value"", ""expression"": ""SUM(balance_data.amount * fx_rate.fx_rate)""}}}",NULL,NULL,NULL,NULL,NULL,NULL,False,NULL,NULL,NULL,NULL
"MPD02_BT_056","Beverage and Tobacco","Report MPD02: classify and report the line item 'Beverage and Tobacco' using the specified Product Level hierarchy in BALANCE_DATA. Apply the stated condition to identify the eligible records and convert the source amount to the entity reporting currency using the applicable FX rate for the reporting date.","REPORT_PREPARER","RISK_REPORTING","[""balance_data"", ""fx_rate""]","[{""join_type"": ""inner"", ""left_keys"": [""currency""], ""left_table"": ""balance_data"", ""right_keys"": [""from_currency""], ""right_table"": ""fx_rate""}]","{""balance_data"": {""product_level_1"": {""eq"": ""Assets""}, ""product_level_2"": {""eq"": ""Loans and Advances""}, ""product_level_3"": {""eq"": ""Industry""}, ""product_level_4"": {""eq"": ""Beverage and Tobacco""}}}","{""balance_data"": {""total_value"": {""alias"": ""total_value"", ""expression"": ""SUM(balance_data.amount * fx_rate.fx_rate)""}}}",NULL,NULL,NULL,NULL,NULL,NULL,False,NULL,NULL,NULL,NULL
"MPD02_CAP_047","Credit to Capital Market","Report MPD02: classify and report the line item 'Credit to Capital Market' using the specified Product Level hierarchy in BALANCE_DATA. Apply the stated condition to identify the eligible records and convert the source amount to the entity reporting currency using the applicable FX rate for the reporting date.","REPORT_PREPARER","RISK_REPORTING","[""balance_data"", ""fx_rate""]","[{""join_type"": ""inner"", ""left_keys"": [""currency""], ""left_table"": ""balance_data"", ""right_keys"": [""from_currency""], ""right_table"": ""fx_rate""}]","{""balance_data"": {""product_level_1"": {""eq"": ""Assets""}, ""product_level_2"": {""eq"": ""Loans and Advances""}, ""product_level_3"": {""eq"": ""Credit to Capital Market""}}}","{""balance_data"": {""total_value"": {""alias"": ""total_value"", ""expression"": ""SUM(balance_data.amount * fx_rate.fx_rate)""}}}",NULL,NULL,NULL,NULL,NULL,NULL,False,NULL,NULL,NULL,NULL
"MPD02_CCO_030","Credit Card Outstanding","Report MPD02: classify and report the line item 'Credit Card Outstanding' using the specified Product Level hierarchy in BALANCE_DATA. Apply the stated condition to identify the eligible records and convert the source amount to the entity reporting currency using the applicable FX rate for the reporting date.","REPORT_PREPARER","RISK_REPORTING","[""balance_data"", ""fx_rate""]","[{""join_type"": ""inner"", ""left_keys"": [""currency""], ""left_table"": ""balance_data"", ""right_keys"": [""from_currency""], ""right_table"": ""fx_rate""}]","{""balance_data"": {""product_level_1"": {""eq"": ""Assets""}, ""product_level_2"": {""eq"": ""Loans and Advances""}, ""product_level_3"": {""eq"": ""Personal Loans""}, ""product_level_4"": {""eq"": ""Credit Card Outstanding""}}}","{""balance_data"": {""total_value"": {""alias"": ""total_value"", ""expression"": ""SUM(balance_data.amount * fx_rate.fx_rate)""}}}",NULL,NULL,NULL,NULL,NULL,NULL,False,NULL,NULL,NULL,NULL
"MPD02_CD_026","Consumer Durables","Report MPD02: classify and report the line item 'Consumer Durables' using the specified Product Level hierarchy in BALANCE_DATA. Apply the stated condition to identify the eligible records and convert the source amount to the entity reporting currency using the applicable FX rate for the reporting date.","REPORT_PREPARER","RISK_REPORTING","[""balance_data"", ""fx_rate""]","[{""join_type"": ""inner"", ""left_keys"": [""currency""], ""left_table"": ""balance_data"", ""right_keys"": [""from_currency""], ""right_table"": ""fx_rate""}]","{""balance_data"": {""product_level_1"": {""eq"": ""Assets""}, ""product_level_2"": {""eq"": ""Loans and Advances""}, ""product_level_3"": {""eq"": ""Personal Loans""}, ""product_level_4"": {""eq"": ""Consumer Durables""}}}","{""balance_data"": {""total_value"": {""alias"": ""total_value"", ""expression"": ""SUM(balance_data.amount * fx_rate.fx_rate)""}}}",NULL,NULL,NULL,NULL,NULL,NULL,False,NULL,NULL,NULL,NULL
"MPD02_CEM_071","Cement","Report MPD02: classify and report the line item 'Cement' using the specified Product Level hierarchy in BALANCE_DATA. Apply the stated condition to identify the eligible records and convert the source amount to the entity reporting currency using the applicable FX rate for the reporting date.","REPORT_PREPARER","RISK_REPORTING","[""balance_data"", ""fx_rate""]","[{""join_type"": ""inner"", ""left_keys"": [""currency""], ""left_table"": ""balance_data"", ""right_keys"": [""from_currency""], ""right_table"": ""fx_rate""}]","{""balance_data"": {""product_level_1"": {""eq"": ""Assets""}, ""product_level_2"": {""eq"": ""Loans and Advances""}, ""product_level_3"": {""eq"": ""Industry""}, ""product_level_4"": {""eq"": ""Cement""}}}","{""balance_data"": {""total_value"": {""alias"": ""total_value"", ""expression"": ""SUM(balance_data.amount * fx_rate.fx_rate)""}}}",NULL,NULL,NULL,NULL,NULL,NULL,False,NULL,NULL,NULL,NULL
"MPD02_CHM_068","Others - Chemicals","Report MPD02: classify and report the line item 'Others - Chemicals' using the specified Product Level hierarchy in BALANCE_DATA. Apply the stated condition to identify the eligible records and convert the source amount to the entity reporting currency using the applicable FX rate for the reporting date.","REPORT_PREPARER","RISK_REPORTING","[""balance_data"", ""fx_rate""]","[{""join_type"": ""inner"", ""left_keys"": [""currency""], ""left_table"": ""balance_data"", ""right_keys"": [""from_currency""], ""right_table"": ""fx_rate""}]","{""balance_data"": {""product_level_1"": {""eq"": ""Assets""}, ""product_level_2"": {""eq"": ""Loans and Advances""}, ""product_level_3"": {""eq"": ""Industry""}, ""product_level_4"": {""eq"": ""Chemicals""}, ""product_level_5"": {""eq"": ""Others""}}}","{""balance_data"": {""total_value"": {""alias"": ""total_value"", ""expression"": ""SUM(balance_data.amount * fx_rate.fx_rate)""}}}",NULL,NULL,NULL,NULL,NULL,NULL,False,NULL,NULL,NULL,NULL
"MPD02_CON_078","Construction","Report MPD02: classify and report the line item 'Construction' using the specified Product Level hierarchy in BALANCE_DATA. Apply the stated condition to identify the eligible records and convert the source amount to the entity reporting currency using the applicable FX rate for the reporting date.","REPORT_PREPARER","RISK_REPORTING","[""balance_data"", ""fx_rate""]","[{""join_type"": ""inner"", ""left_keys"": [""currency""], ""left_table"": ""balance_data"", ""right_keys"": [""from_currency""], ""right_table"": ""fx_rate""}]","{""balance_data"": {""product_level_1"": {""eq"": ""Assets""}, ""product_level_2"": {""eq"": ""Loans and Advances""}, ""product_level_3"": {""eq"": ""Industry""}, ""product_level_4"": {""eq"": ""Construction""}}}","{""balance_data"": {""total_value"": {""alias"": ""total_value"", ""expression"": ""SUM(balance_data.amount * fx_rate.fx_rate)""}}}",NULL,NULL,NULL,NULL,NULL,NULL,False,NULL,NULL,NULL,NULL
"MPD02_COT_057","Cotton","Report MPD02: classify and report the line item 'Cotton' using the specified Product Level hierarchy in BALANCE_DATA. Apply the stated condition to identify the eligible records and convert the source amount to the entity reporting currency using the applicable FX rate for the reporting date.","REPORT_PREPARER","RISK_REPORTING","[""balance_data"", ""fx_rate""]","[{""join_type"": ""inner"", ""left_keys"": [""currency""], ""left_table"": ""balance_data"", ""right_keys"": [""from_currency""], ""right_table"": ""fx_rate""}]","{""balance_data"": {""product_level_1"": {""eq"": ""Assets""}, ""product_level_2"": {""eq"": ""Loans and Advances""}, ""product_level_3"": {""eq"": ""Industry""}, ""product_level_4"": {""eq"": ""Textiles""}, ""product_level_5"": {""eq"": ""Cotton""}}}","{""balance_data"": {""total_value"": {""alias"": ""total_value"", ""expression"": ""SUM(balance_data.amount * fx_rate.fx_rate)""}}}",NULL,NULL,NULL,NULL,NULL,NULL,False,NULL,NULL,NULL,NULL
"MPD02_CREO_017","Any other CRE","Report MPD02: classify and report the line item 'Any other CRE' using the specified Product Level hierarchy in BALANCE_DATA. Apply the stated condition to identify the eligible records and convert the source amount to the entity reporting currency using the applicable FX rate for the reporting date.","REPORT_PREPARER","RISK_REPORTING","[""balance_data"", ""fx_rate""]","[{""join_type"": ""inner"", ""left_keys"": [""currency""], ""left_table"": ""balance_data"", ""right_keys"": [""from_currency""], ""right_table"": ""fx_rate""}]","{""balance_data"": {""product_level_1"": {""eq"": ""Assets""}, ""product_level_2"": {""eq"": ""Loans and Advances""}, ""product_level_3"": {""eq"": ""Services""}, ""product_level_4"": {""eq"": ""Commercial Real Estate""}, ""product_level_5"": {""eq"": ""Any other CRE""}}}","{""balance_data"": {""total_value"": {""alias"": ""total_value"", ""expression"": ""SUM(balance_data.amount * fx_rate.fx_rate)""}}}",NULL,NULL,NULL,NULL,NULL,NULL,False,NULL,NULL,NULL,NULL
"MPD02_CRER_016","Builders/Developers for residential property","Report MPD02: classify and report the line item 'Builders/Developers for residential property' using the specified Product Level hierarchy in BALANCE_DATA. Apply the stated condition to identify the eligible records and convert the source amount to the entity reporting currency using the applicable FX rate for the reporting date.","REPORT_PREPARER","RISK_REPORTING","[""balance_data"", ""fx_rate""]","[{""join_type"": ""inner"", ""left_keys"": [""currency""], ""left_table"": ""balance_data"", ""right_keys"": [""from_currency""], ""right_table"": ""fx_rate""}]","{""balance_data"": {""product_level_1"": {""eq"": ""Assets""}, ""product_level_2"": {""eq"": ""Loans and Advances""}, ""product_level_3"": {""eq"": ""Services""}, ""product_level_4"": {""eq"": ""Commercial Real Estate""}, ""product_level_5"": {""eq"": ""Builders/Developers for residential property""}}}","{""balance_data"": {""total_value"": {""alias"": ""total_value"", ""expression"": ""SUM(balance_data.amount * fx_rate.fx_rate)""}}}",NULL,NULL,NULL,NULL,NULL,NULL,False,NULL,NULL,NULL,NULL
"MPD02_CS_009","Computer Software","Report MPD02: classify and report the line item 'Computer Software' using the specified Product Level hierarchy in BALANCE_DATA. Apply the stated condition to identify the eligible records and convert the source amount to the entity reporting currency using the applicable FX rate for the reporting date.","REPORT_PREPARER","RISK_REPORTING","[""balance_data"", ""fx_rate""]","[{""join_type"": ""inner"", ""left_keys"": [""currency""], ""left_table"": ""balance_data"", ""right_keys"": [""from_currency""], ""right_table"": ""fx_rate""}]","{""balance_data"": {""product_level_1"": {""eq"": ""Assets""}, ""product_level_2"": {""eq"": ""Loans and Advances""}, ""product_level_3"": {""eq"": ""Services""}, ""product_level_4"": {""eq"": ""Computer Software""}}}","{""balance_data"": {""total_value"": {""alias"": ""total_value"", ""expression"": ""SUM(balance_data.amount * fx_rate.fx_rate)""}}}",NULL,NULL,NULL,NULL,NULL,NULL,False,NULL,NULL,NULL,NULL
"MPD02_DRG_066","Drugs and Pharmaceuticals","Report MPD02: classify and report the line item 'Drugs and Pharmaceuticals' using the specified Product Level hierarchy in BALANCE_DATA. Apply the stated condition to identify the eligible records and convert the source amount to the entity reporting currency using the applicable FX rate for the reporting date.","REPORT_PREPARER","RISK_REPORTING","[""balance_data"", ""fx_rate""]","[{""join_type"": ""inner"", ""left_keys"": [""currency""], ""left_table"": ""balance_data"", ""right_keys"": [""from_currency""], ""right_table"": ""fx_rate""}]","{""balance_data"": {""product_level_1"": {""eq"": ""Assets""}, ""product_level_2"": {""eq"": ""Loans and Advances""}, ""product_level_3"": {""eq"": ""Industry""}, ""product_level_4"": {""eq"": ""Chemicals""}, ""product_level_5"": {""eq"": ""Drugs and Pharmaceuticals""}}}","{""balance_data"": {""total_value"": {""alias"": ""total_value"", ""expression"": ""SUM(balance_data.amount * fx_rate.fx_rate)""}}}",NULL,NULL,NULL,NULL,NULL,NULL,False,NULL,NULL,NULL,NULL
"MPD02_EDL_098","Educational Loans","Report MPD02: classify and report the line item 'Educational Loans' using the specified Product Level hierarchy in BALANCE_DATA. Apply the stated condition to identify the eligible records and convert the source amount to the entity reporting currency using the applicable FX rate for the reporting date.","REPORT_PREPARER","RISK_REPORTING","[""balance_data"", ""fx_rate""]","[{""join_type"": ""inner"", ""left_keys"": [""currency""], ""left_table"": ""balance_data"", ""right_keys"": [""from_currency""], ""right_table"": ""fx_rate""}]","{""balance_data"": {""product_level_1"": {""eq"": ""Assets""}, ""product_level_2"": {""eq"": ""Loans and Advances""}, ""product_level_3"": {""eq"": ""Priority Sector""}, ""product_level_4"": {""eq"": ""Educational Loans""}}}","{""balance_data"": {""total_value"": {""alias"": ""total_value"", ""expression"": ""SUM(balance_data.amount * fx_rate.fx_rate)""}}}",NULL,NULL,NULL,NULL,NULL,NULL,False,NULL,NULL,NULL,NULL
"MPD02_EDU_031","Education","Report MPD02: classify and report the line item 'Education' using the specified Product Level hierarchy in BALANCE_DATA. Apply the stated condition to identify the eligible records and convert the source amount to the entity reporting currency using the applicable FX rate for the reporting date.","REPORT_PREPARER","RISK_REPORTING","[""balance_data"", ""fx_rate""]","[{""join_type"": ""inner"", ""left_keys"": [""currency""], ""left_table"": ""balance_data"", ""right_keys"": [""from_currency""], ""right_table"": ""fx_rate""}]","{""balance_data"": {""product_level_1"": {""eq"": ""Assets""}, ""product_level_2"": {""eq"": ""Loans and Advances""}, ""product_level_3"": {""eq"": ""Personal Loans""}, ""product_level_4"": {""eq"": ""Education""}}}","{""balance_data"": {""total_value"": {""alias"": ""total_value"", ""expression"": ""SUM(balance_data.amount * fx_rate.fx_rate)""}}}",NULL,NULL,NULL,NULL,NULL,NULL,False,NULL,NULL,NULL,NULL
"MPD02_ELE_074","Electronics","Report MPD02: classify and report the line item 'Electronics' using the specified Product Level hierarchy in BALANCE_DATA. Apply the stated condition to identify the eligible records and convert the source amount to the entity reporting currency using the applicable FX rate for the reporting date.","REPORT_PREPARER","RISK_REPORTING","[""balance_data"", ""fx_rate""]","[{""join_type"": ""inner"", ""left_keys"": [""currency""], ""left_table"": ""balance_data"", ""right_keys"": [""from_currency""], ""right_table"": ""fx_rate""}]","{""balance_data"": {""product_level_1"": {""eq"": ""Assets""}, ""product_level_2"": {""eq"": ""Loans and Advances""}, ""product_level_3"": {""eq"": ""Industry""}, ""product_level_4"": {""eq"": ""All Engineering""}, ""product_level_5"": {""eq"": ""Electronics""}}}","{""balance_data"": {""total_value"": {""alias"": ""total_value"", ""expression"": ""SUM(balance_data.amount * fx_rate.fx_rate)""}}}",NULL,NULL,NULL,NULL,NULL,NULL,False,NULL,NULL,NULL,NULL
"MPD02_ENG_075","Others - Engineering","Report MPD02: classify and report the line item 'Others - Engineering' using the specified Product Level hierarchy in BALANCE_DATA. Apply the stated condition to identify the eligible records and convert the source amount to the entity reporting currency using the applicable FX rate for the reporting date.","REPORT_PREPARER","RISK_REPORTING","[""balance_data"", ""fx_rate""]","[{""join_type"": ""inner"", ""left_keys"": [""currency""], ""left_table"": ""balance_data"", ""right_keys"": [""from_currency""], ""right_table"": ""fx_rate""}]","{""balance_data"": {""product_level_1"": {""eq"": ""Assets""}, ""product_level_2"": {""eq"": ""Loans and Advances""}, ""product_level_3"": {""eq"": ""Industry""}, ""product_level_4"": {""eq"": ""All Engineering""}, ""product_level_5"": {""eq"": ""Others""}}}","{""balance_data"": {""total_value"": {""alias"": ""total_value"", ""expression"": ""SUM(balance_data.amount * fx_rate.fx_rate)""}}}",NULL,NULL,NULL,NULL,NULL,NULL,False,NULL,NULL,NULL,NULL
"MPD02_EXP_046","Export Credit","Report MPD02: classify and report the line item 'Export Credit' using the specified Product Level hierarchy in BALANCE_DATA. Apply the stated condition to identify the eligible records and convert the source amount to the entity reporting currency using the applicable FX rate for the reporting date.","REPORT_PREPARER","RISK_REPORTING","[""balance_data"", ""fx_rate""]","[{""join_type"": ""inner"", ""left_keys"": [""currency""], ""left_table"": ""balance_data"", ""right_keys"": [""from_currency""], ""right_table"": ""fx_rate""}]","{""balance_data"": {""product_level_1"": {""eq"": ""Assets""}, ""product_level_2"": {""eq"": ""Loans and Advances""}, ""product_level_3"": {""eq"": ""Export Credit""}}}","{""balance_data"": {""total_value"": {""alias"": ""total_value"", ""expression"": ""SUM(balance_data.amount * fx_rate.fx_rate)""}}}",NULL,NULL,NULL,NULL,NULL,NULL,False,NULL,NULL,NULL,NULL
"MPD02_EXP_101","Export Credit","Report MPD02: classify and report the line item 'Export Credit' using the specified Product Level hierarchy in BALANCE_DATA. Apply the stated condition to identify the eligible records and convert the source amount to the entity reporting currency using the applicable FX rate for the reporting date.","REPORT_PREPARER","RISK_REPORTING","[""balance_data"", ""fx_rate""]","[{""join_type"": ""inner"", ""left_keys"": [""currency""], ""left_table"": ""balance_data"", ""right_keys"": [""from_currency""], ""right_table"": ""fx_rate""}]","{""balance_data"": {""product_level_1"": {""eq"": ""Assets""}, ""product_level_2"": {""eq"": ""Loans and Advances""}, ""product_level_3"": {""eq"": ""Priority Sector""}, ""product_level_4"": {""eq"": ""Export Credit""}}}","{""balance_data"": {""total_value"": {""alias"": ""total_value"", ""expression"": ""SUM(balance_data.amount * fx_rate.fx_rate)""}}}",NULL,NULL,NULL,NULL,NULL,NULL,False,NULL,NULL,NULL,NULL
"MPD02_FC_002","Food Credit","Report MPD02: classify and report the line item 'Food Credit' using the specified Product Level hierarchy in BALANCE_DATA. Apply the stated condition to identify the eligible records and convert the source amount to the entity reporting currency using the applicable FX rate for the reporting date.","REPORT_PREPARER","RISK_REPORTING","[""balance_data"", ""fx_rate""]","[{""join_type"": ""inner"", ""left_keys"": [""currency""], ""left_table"": ""balance_data"", ""right_keys"": [""from_currency""], ""right_table"": ""fx_rate""}]","{""balance_data"": {""product_level_1"": {""eq"": ""Assets""}, ""product_level_2"": {""eq"": ""Loans and Advances""}, ""product_level_3"": {""eq"": ""Food Credit""}}}","{""balance_data"": {""total_value"": {""alias"": ""total_value"", ""expression"": ""SUM(balance_data.amount * fx_rate.fx_rate)""}}}",NULL,NULL,NULL,NULL,NULL,NULL,False,NULL,NULL,NULL,NULL
"MPD02_FER_065","Fertiliser","Report MPD02: classify and report the line item 'Fertiliser' using the specified Product Level hierarchy in BALANCE_DATA. Apply the stated condition to identify the eligible records and convert the source amount to the entity reporting currency using the applicable FX rate for the reporting date.","REPORT_PREPARER","RISK_REPORTING","[""balance_data"", ""fx_rate""]","[{""join_type"": ""inner"", ""left_keys"": [""currency""], ""left_table"": ""balance_data"", ""right_keys"": [""from_currency""], ""right_table"": ""fx_rate""}]","{""balance_data"": {""product_level_1"": {""eq"": ""Assets""}, ""product_level_2"": {""eq"": ""Loans and Advances""}, ""product_level_3"": {""eq"": ""Industry""}, ""product_level_4"": {""eq"": ""Chemicals""}, ""product_level_5"": {""eq"": ""Fertiliser""}}}","{""balance_data"": {""total_value"": {""alias"": ""total_value"", ""expression"": ""SUM(balance_data.amount * fx_rate.fx_rate)""}}}",NULL,NULL,NULL,NULL,NULL,NULL,False,NULL,NULL,NULL,NULL
"MPD02_FPO_055","Others - Food Processing","Report MPD02: classify and report the line item 'Others - Food Processing' using the specified Product Level hierarchy in BALANCE_DATA. Apply the stated condition to identify the eligible records and convert the source amount to the entity reporting currency using the applicable FX rate for the reporting date.","REPORT_PREPARER","RISK_REPORTING","[""balance_data"", ""fx_rate""]","[{""join_type"": ""inner"", ""left_keys"": [""currency""], ""left_table"": ""balance_data"", ""right_keys"": [""from_currency""], ""right_table"": ""fx_rate""}]","{""balance_data"": {""product_level_1"": {""eq"": ""Assets""}, ""product_level_2"": {""eq"": ""Loans and Advances""}, ""product_level_3"": {""eq"": ""Industry""}, ""product_level_4"": {""eq"": ""Food Processing""}, ""product_level_5"": {""eq"": ""Others""}}}","{""balance_data"": {""total_value"": {""alias"": ""total_value"", ""expression"": ""SUM(balance_data.amount * fx_rate.fx_rate)""}}}",NULL,NULL,NULL,NULL,NULL,NULL,False,NULL,NULL,NULL,NULL
"MPD02_GBC_001","Gross Bank Credit","Report MPD02: classify and report the line item 'Gross Bank Credit' using the specified Product Level hierarchy in BALANCE_DATA. Apply the stated condition to identify the eligible records and convert the source amount to the entity reporting currency using the applicable FX rate for the reporting date.","REPORT_PREPARER","RISK_REPORTING","[""balance_data"", ""fx_rate""]","[{""join_type"": ""inner"", ""left_keys"": [""currency""], ""left_table"": ""balance_data"", ""right_keys"": [""from_currency""], ""right_table"": ""fx_rate""}]","{""balance_data"": {""product_level_1"": {""eq"": ""Assets""}, ""product_level_2"": {""eq"": ""Loans and Advances""}}}","{""balance_data"": {""total_value"": {""alias"": ""total_value"", ""expression"": ""SUM(balance_data.amount * fx_rate.fx_rate)""}}}",NULL,NULL,NULL,NULL,NULL,NULL,False,NULL,NULL,NULL,NULL
"MPD02_GJ_077","Gems and Jewellery","Report MPD02: classify and report the line item 'Gems and Jewellery' using the specified Product Level hierarchy in BALANCE_DATA. Apply the stated condition to identify the eligible records and convert the source amount to the entity reporting currency using the applicable FX rate for the reporting date.","REPORT_PREPARER","RISK_REPORTING","[""balance_data"", ""fx_rate""]","[{""join_type"": ""inner"", ""left_keys"": [""currency""], ""left_table"": ""balance_data"", ""right_keys"": [""from_currency""], ""right_table"": ""fx_rate""}]","{""balance_data"": {""product_level_1"": {""eq"": ""Assets""}, ""product_level_2"": {""eq"": ""Loans and Advances""}, ""product_level_3"": {""eq"": ""Industry""}, ""product_level_4"": {""eq"": ""Gems and Jewellery""}}}","{""balance_data"": {""total_value"": {""alias"": ""total_value"", ""expression"": ""SUM(balance_data.amount * fx_rate.fx_rate)""}}}",NULL,NULL,NULL,NULL,NULL,NULL,False,NULL,NULL,NULL,NULL
"MPD02_GLD_033","Loans against gold jewellery","Report MPD02: classify and report the line item 'Loans against gold jewellery' using the specified Product Level hierarchy in BALANCE_DATA. Apply the stated condition to identify the eligible records and convert the source amount to the entity reporting currency using the applicable FX rate for the reporting date.","REPORT_PREPARER","RISK_REPORTING","[""balance_data"", ""fx_rate""]","[{""join_type"": ""inner"", ""left_keys"": [""currency""], ""left_table"": ""balance_data"", ""right_keys"": [""from_currency""], ""right_table"": ""fx_rate""}]","{""balance_data"": {""product_level_1"": {""eq"": ""Assets""}, ""product_level_2"": {""eq"": ""Loans and Advances""}, ""product_level_3"": {""eq"": ""Personal Loans""}, ""product_level_4"": {""eq"": ""Loans against gold jewellery""}}}","{""balance_data"": {""total_value"": {""alias"": ""total_value"", ""expression"": ""SUM(balance_data.amount * fx_rate.fx_rate)""}}}",NULL,NULL,NULL,NULL,NULL,NULL,False,NULL,NULL,NULL,NULL
"MPD02_GLS_070","Glass","Report MPD02: classify and report the line item 'Glass' using the specified Product Level hierarchy in BALANCE_DATA. Apply the stated condition to identify the eligible records and convert the source amount to the entity reporting currency using the applicable FX rate for the reporting date.","REPORT_PREPARER","RISK_REPORTING","[""balance_data"", ""fx_rate""]","[{""join_type"": ""inner"", ""left_keys"": [""currency""], ""left_table"": ""balance_data"", ""right_keys"": [""from_currency""], ""right_table"": ""fx_rate""}]","{""balance_data"": {""product_level_1"": {""eq"": ""Assets""}, ""product_level_2"": {""eq"": ""Loans and Advances""}, ""product_level_3"": {""eq"": ""Industry""}, ""product_level_4"": {""eq"": ""Glass""}}}","{""balance_data"": {""total_value"": {""alias"": ""total_value"", ""expression"": ""SUM(balance_data.amount * fx_rate.fx_rate)""}}}",NULL,NULL,NULL,NULL,NULL,NULL,False,NULL,NULL,NULL,NULL
"MPD02_HFC_021","HFCs","Report MPD02: classify and report the line item 'HFCs' using the specified Product Level hierarchy in BALANCE_DATA. Apply the stated condition to identify the eligible records and convert the source amount to the entity reporting currency using the applicable FX rate for the reporting date.","REPORT_PREPARER","RISK_REPORTING","[""balance_data"", ""fx_rate""]","[{""join_type"": ""inner"", ""left_keys"": [""currency""], ""left_table"": ""balance_data"", ""right_keys"": [""from_currency""], ""right_table"": ""fx_rate""}]","{""balance_data"": {""product_level_1"": {""eq"": ""Assets""}, ""product_level_2"": {""eq"": ""Loans and Advances""}, ""product_level_3"": {""eq"": ""Services""}, ""product_level_4"": {""eq"": ""HFCs""}}}","{""balance_data"": {""total_value"": {""alias"": ""total_value"", ""expression"": ""SUM(balance_data.amount * fx_rate.fx_rate)""}}}",NULL,NULL,NULL,NULL,NULL,NULL,False,NULL,NULL,NULL,NULL
"MPD02_HFCX_044","HFCs","Report MPD02: classify and report the line item 'HFCs' using the specified Product Level hierarchy in BALANCE_DATA. Apply the stated condition to identify the eligible records and convert the source amount to the entity reporting currency using the applicable FX rate for the reporting date.","REPORT_PREPARER","RISK_REPORTING","[""balance_data"", ""fx_rate""]","[{""join_type"": ""inner"", ""left_keys"": [""currency""], ""left_table"": ""balance_data"", ""right_keys"": [""from_currency""], ""right_table"": ""fx_rate""}]","{""balance_data"": {""product_level_1"": {""eq"": ""Assets""}, ""product_level_2"": {""eq"": ""Loans and Advances""}, ""product_level_3"": {""eq"": ""HFCs""}}}","{""balance_data"": {""total_value"": {""alias"": ""total_value"", ""expression"": ""SUM(balance_data.amount * fx_rate.fx_rate)""}}}",NULL,NULL,NULL,NULL,NULL,NULL,False,NULL,NULL,NULL,NULL
"MPD02_HG_097","Housing - Government, Non-government agencies, HFCs, NBFCs and others","Report MPD02: classify and report the line item 'Housing - Government, Non-government agencies, HFCs, NBFCs and others' using the specified Product Level hierarchy in BALANCE_DATA. Apply the stated condition to identify the eligible records and convert the source amount to the entity reporting currency using the applicable FX rate for the reporting date.","REPORT_PREPARER","RISK_REPORTING","[""balance_data"", ""fx_rate""]","[{""join_type"": ""inner"", ""left_keys"": [""currency""], ""left_table"": ""balance_data"", ""right_keys"": [""from_currency""], ""right_table"": ""fx_rate""}]","{""balance_data"": {""product_level_1"": {""eq"": ""Assets""}, ""product_level_2"": {""eq"": ""Loans and Advances""}, ""product_level_3"": {""eq"": ""Priority Sector""}, ""product_level_4"": {""eq"": ""Housing - Government, Non-government agencies, HFCs, NBFCs and others""}}}","{""balance_data"": {""total_value"": {""alias"": ""total_value"", ""expression"": ""SUM(balance_data.amount * fx_rate.fx_rate)""}}}",NULL,NULL,NULL,NULL,NULL,NULL,False,NULL,NULL,NULL,NULL
"MPD02_HI_096","Housing - Individual","Report MPD02: classify and report the line item 'Housing - Individual' using the specified Product Level hierarchy in BALANCE_DATA. Apply the stated condition to identify the eligible records and convert the source amount to the entity reporting currency using the applicable FX rate for the reporting date.","REPORT_PREPARER","RISK_REPORTING","[""balance_data"", ""fx_rate""]","[{""join_type"": ""inner"", ""left_keys"": [""currency""], ""left_table"": ""balance_data"", ""right_keys"": [""from_currency""], ""right_table"": ""fx_rate""}]","{""balance_data"": {""product_level_1"": {""eq"": ""Assets""}, ""product_level_2"": {""eq"": ""Loans and Advances""}, ""product_level_3"": {""eq"": ""Priority Sector""}, ""product_level_4"": {""eq"": ""Housing - Individual""}}}","{""balance_data"": {""total_value"": {""alias"": ""total_value"", ""expression"": ""SUM(balance_data.amount * fx_rate.fx_rate)""}}}",NULL,NULL,NULL,NULL,NULL,NULL,False,NULL,NULL,NULL,NULL
"MPD02_HSG_027","Housing (including priority sector housing)","Report MPD02: classify and report the line item 'Housing (including priority sector housing)' using the specified Product Level hierarchy in BALANCE_DATA. Apply the stated condition to identify the eligible records and convert the source amount to the entity reporting currency using the applicable FX rate for the reporting date.","REPORT_PREPARER","RISK_REPORTING","[""balance_data"", ""fx_rate""]","[{""join_type"": ""inner"", ""left_keys"": [""currency""], ""left_table"": ""balance_data"", ""right_keys"": [""from_currency""], ""right_table"": ""fx_rate""}]","{""balance_data"": {""product_level_1"": {""eq"": ""Assets""}, ""product_level_2"": {""eq"": ""Loans and Advances""}, ""product_level_3"": {""eq"": ""Personal Loans""}, ""product_level_4"": {""eq"": ""Housing (including priority sector housing)""}}}","{""balance_data"": {""total_value"": {""alias"": ""total_value"", ""expression"": ""SUM(balance_data.amount * fx_rate.fx_rate)""}}}",NULL,NULL,NULL,NULL,NULL,NULL,False,NULL,NULL,NULL,NULL
"MPD02_INF_086","Other Infrastructure","Report MPD02: classify and report the line item 'Other Infrastructure' using the specified Product Level hierarchy in BALANCE_DATA. Apply the stated condition to identify the eligible records and convert the source amount to the entity reporting currency using the applicable FX rate for the reporting date.","REPORT_PREPARER","RISK_REPORTING","[""balance_data"", ""fx_rate""]","[{""join_type"": ""inner"", ""left_keys"": [""currency""], ""left_table"": ""balance_data"", ""right_keys"": [""from_currency""], ""right_table"": ""fx_rate""}]","{""balance_data"": {""product_level_1"": {""eq"": ""Assets""}, ""product_level_2"": {""eq"": ""Loans and Advances""}, ""product_level_3"": {""eq"": ""Industry""}, ""product_level_4"": {""eq"": ""Infrastructure""}, ""product_level_5"": {""eq"": ""Other Infrastructure""}}}","{""balance_data"": {""total_value"": {""alias"": ""total_value"", ""expression"": ""SUM(balance_data.amount * fx_rate.fx_rate)""}}}",NULL,NULL,NULL,NULL,NULL,NULL,False,NULL,NULL,NULL,NULL
"MPD02_IRS_072","Iron and Steel","Report MPD02: classify and report the line item 'Iron and Steel' using the specified Product Level hierarchy in BALANCE_DATA. Apply the stated condition to identify the eligible records and convert the source amount to the entity reporting currency using the applicable FX rate for the reporting date.","REPORT_PREPARER","RISK_REPORTING","[""balance_data"", ""fx_rate""]","[{""join_type"": ""inner"", ""left_keys"": [""currency""], ""left_table"": ""balance_data"", ""right_keys"": [""from_currency""], ""right_table"": ""fx_rate""}]","{""balance_data"": {""product_level_1"": {""eq"": ""Assets""}, ""product_level_2"": {""eq"": ""Loans and Advances""}, ""product_level_3"": {""eq"": ""Industry""}, ""product_level_4"": {""eq"": ""Basic Metal""}, ""product_level_5"": {""eq"": ""Iron and Steel""}}}","{""balance_data"": {""total_value"": {""alias"": ""total_value"", ""expression"": ""SUM(balance_data.amount * fx_rate.fx_rate)""}}}",NULL,NULL,NULL,NULL,NULL,NULL,False,NULL,NULL,NULL,NULL
"MPD02_JUT_058","Jute","Report MPD02: classify and report the line item 'Jute' using the specified Product Level hierarchy in BALANCE_DATA. Apply the stated condition to identify the eligible records and convert the source amount to the entity reporting currency using the applicable FX rate for the reporting date.","REPORT_PREPARER","RISK_REPORTING","[""balance_data"", ""fx_rate""]","[{""join_type"": ""inner"", ""left_keys"": [""currency""], ""left_table"": ""balance_data"", ""right_keys"": [""from_currency""], ""right_table"": ""fx_rate""}]","{""balance_data"": {""product_level_1"": {""eq"": ""Assets""}, ""product_level_2"": {""eq"": ""Loans and Advances""}, ""product_level_3"": {""eq"": ""Industry""}, ""product_level_4"": {""eq"": ""Textiles""}, ""product_level_5"": {""eq"": ""Jute""}}}","{""balance_data"": {""total_value"": {""alias"": ""total_value"", ""expression"": ""SUM(balance_data.amount * fx_rate.fx_rate)""}}}",NULL,NULL,NULL,NULL,NULL,NULL,False,NULL,NULL,NULL,NULL
"MPD02_LEA_061","Leather","Report MPD02: classify and report the line item 'Leather' using the specified Product Level hierarchy in BALANCE_DATA. Apply the stated condition to identify the eligible records and convert the source amount to the entity reporting currency using the applicable FX rate for the reporting date.","REPORT_PREPARER","RISK_REPORTING","[""balance_data"", ""fx_rate""]","[{""join_type"": ""inner"", ""left_keys"": [""currency""], ""left_table"": ""balance_data"", ""right_keys"": [""from_currency""], ""right_table"": ""fx_rate""}]","{""balance_data"": {""product_level_1"": {""eq"": ""Assets""}, ""product_level_2"": {""eq"": ""Loans and Advances""}, ""product_level_3"": {""eq"": ""Industry""}, ""product_level_4"": {""eq"": ""Leather""}}}","{""balance_data"": {""total_value"": {""alias"": ""total_value"", ""expression"": ""SUM(balance_data.amount * fx_rate.fx_rate)""}}}",NULL,NULL,NULL,NULL,NULL,NULL,False,NULL,NULL,NULL,NULL
"MPD02_LRG_007","Large","Report MPD02: classify and report the line item 'Large' using the specified Product Level hierarchy in BALANCE_DATA. Apply the stated condition to identify the eligible records and convert the source amount to the entity reporting currency using the applicable FX rate for the reporting date.","REPORT_PREPARER","RISK_REPORTING","[""balance_data"", ""fx_rate""]","[{""join_type"": ""inner"", ""left_keys"": [""currency""], ""left_table"": ""balance_data"", ""right_keys"": [""from_currency""], ""right_table"": ""fx_rate""}]","{""balance_data"": {""product_level_1"": {""eq"": ""Assets""}, ""product_level_2"": {""eq"": ""Loans and Advances""}, ""product_level_3"": {""eq"": ""Industry""}, ""product_level_4"": {""eq"": ""Large""}}}","{""balance_data"": {""total_value"": {""alias"": ""total_value"", ""expression"": ""SUM(balance_data.amount * fx_rate.fx_rate)""}}}",NULL,NULL,NULL,NULL,NULL,NULL,False,NULL,NULL,NULL,NULL
"MPD02_MBSC_042","Commercial Real Estate","Report MPD02: classify and report the line item 'Commercial Real Estate' using the specified Product Level hierarchy in BALANCE_DATA. Apply the stated condition to identify the eligible records and convert the source amount to the entity reporting currency using the applicable FX rate for the reporting date.","REPORT_PREPARER","RISK_REPORTING","[""balance_data"", ""fx_rate""]","[{""join_type"": ""inner"", ""left_keys"": [""currency""], ""left_table"": ""balance_data"", ""right_keys"": [""from_currency""], ""right_table"": ""fx_rate""}]","{""balance_data"": {""product_level_1"": {""eq"": ""Assets""}, ""product_level_2"": {""eq"": ""Investments""}, ""product_level_3"": {""eq"": ""Commercial Real Estate""}}}","{""balance_data"": {""total_value"": {""alias"": ""total_value"", ""expression"": ""SUM(balance_data.amount * fx_rate.fx_rate)""}}}",NULL,NULL,NULL,NULL,NULL,NULL,False,NULL,NULL,NULL,NULL
"MPD02_MBSR_041","Residential Mortgages","Report MPD02: classify and report the line item 'Residential Mortgages' using the specified Product Level hierarchy in BALANCE_DATA. Apply the stated condition to identify the eligible records and convert the source amount to the entity reporting currency using the applicable FX rate for the reporting date.","REPORT_PREPARER","RISK_REPORTING","[""balance_data"", ""fx_rate""]","[{""join_type"": ""inner"", ""left_keys"": [""currency""], ""left_table"": ""balance_data"", ""right_keys"": [""from_currency""], ""right_table"": ""fx_rate""}]","{""balance_data"": {""product_level_1"": {""eq"": ""Assets""}, ""product_level_2"": {""eq"": ""Investments""}, ""product_level_3"": {""eq"": ""Residential Mortgages""}}}","{""balance_data"": {""total_value"": {""alias"": ""total_value"", ""expression"": ""SUM(balance_data.amount * fx_rate.fx_rate)""}}}",NULL,NULL,NULL,NULL,NULL,NULL,False,NULL,NULL,NULL,NULL
"MPD02_MDS_049","Medium Service Enterprises","Report MPD02: classify and report the line item 'Medium Service Enterprises' using the specified Product Level hierarchy in BALANCE_DATA. Apply the stated condition to identify the eligible records and convert the source amount to the entity reporting currency using the applicable FX rate for the reporting date.","REPORT_PREPARER","RISK_REPORTING","[""balance_data"", ""fx_rate""]","[{""join_type"": ""inner"", ""left_keys"": [""currency""], ""left_table"": ""balance_data"", ""right_keys"": [""from_currency""], ""right_table"": ""fx_rate""}]","{""balance_data"": {""product_level_1"": {""eq"": ""Assets""}, ""product_level_2"": {""eq"": ""Loans and Advances""}, ""product_level_3"": {""eq"": ""Medium Service Enterprises""}}}","{""balance_data"": {""total_value"": {""alias"": ""total_value"", ""expression"": ""SUM(balance_data.amount * fx_rate.fx_rate)""}}}",NULL,NULL,NULL,NULL,NULL,NULL,False,NULL,NULL,NULL,NULL
"MPD02_MED_006","Medium","Report MPD02: classify and report the line item 'Medium' using the specified Product Level hierarchy in BALANCE_DATA. Apply the stated condition to identify the eligible records and convert the source amount to the entity reporting currency using the applicable FX rate for the reporting date.","REPORT_PREPARER","RISK_REPORTING","[""balance_data"", ""fx_rate""]","[{""join_type"": ""inner"", ""left_keys"": [""currency""], ""left_table"": ""balance_data"", ""right_keys"": [""from_currency""], ""right_table"": ""fx_rate""}]","{""balance_data"": {""product_level_1"": {""eq"": ""Assets""}, ""product_level_2"": {""eq"": ""Loans and Advances""}, ""product_level_3"": {""eq"": ""Industry""}, ""product_level_4"": {""eq"": ""Medium""}}}","{""balance_data"": {""total_value"": {""alias"": ""total_value"", ""expression"": ""SUM(balance_data.amount * fx_rate.fx_rate)""}}}",NULL,NULL,NULL,NULL,NULL,NULL,False,NULL,NULL,NULL,NULL
"MPD02_MEM_094","Medium Enterprises - Manufacturing","Report MPD02: classify and report the line item 'Medium Enterprises - Manufacturing' using the specified Product Level hierarchy in BALANCE_DATA. Apply the stated condition to identify the eligible records and convert the source amount to the entity reporting currency using the applicable FX rate for the reporting date.","REPORT_PREPARER","RISK_REPORTING","[""balance_data"", ""fx_rate""]","[{""join_type"": ""inner"", ""left_keys"": [""currency""], ""left_table"": ""balance_data"", ""right_keys"": [""from_currency""], ""right_table"": ""fx_rate""}]","{""balance_data"": {""product_level_1"": {""eq"": ""Assets""}, ""product_level_2"": {""eq"": ""Loans and Advances""}, ""product_level_3"": {""eq"": ""Priority Sector""}, ""product_level_4"": {""eq"": ""Medium Enterprises - Manufacturing""}}}","{""balance_data"": {""total_value"": {""alias"": ""total_value"", ""expression"": ""SUM(balance_data.amount * fx_rate.fx_rate)""}}}",NULL,NULL,NULL,NULL,NULL,NULL,False,NULL,NULL,NULL,NULL
"MPD02_MES_095","Medium Enterprises - Services","Report MPD02: classify and report the line item 'Medium Enterprises - Services' using the specified Product Level hierarchy in BALANCE_DATA. Apply the stated condition to identify the eligible records and convert the source amount to the entity reporting currency using the applicable FX rate for the reporting date.","REPORT_PREPARER","RISK_REPORTING","[""balance_data"", ""fx_rate""]","[{""join_type"": ""inner"", ""left_keys"": [""currency""], ""left_table"": ""balance_data"", ""right_keys"": [""from_currency""], ""right_table"": ""fx_rate""}]","{""balance_data"": {""product_level_1"": {""eq"": ""Assets""}, ""product_level_2"": {""eq"": ""Loans and Advances""}, ""product_level_3"": {""eq"": ""Priority Sector""}, ""product_level_4"": {""eq"": ""Medium Enterprises - Services""}}}","{""balance_data"": {""total_value"": {""alias"": ""total_value"", ""expression"": ""SUM(balance_data.amount * fx_rate.fx_rate)""}}}",NULL,NULL,NULL,NULL,NULL,NULL,False,NULL,NULL,NULL,NULL
"MPD02_MET_073","Other Metal","Report MPD02: classify and report the line item 'Other Metal' using the specified Product Level hierarchy in BALANCE_DATA. Apply the stated condition to identify the eligible records and convert the source amount to the entity reporting currency using the applicable FX rate for the reporting date.","REPORT_PREPARER","RISK_REPORTING","[""balance_data"", ""fx_rate""]","[{""join_type"": ""inner"", ""left_keys"": [""currency""], ""left_table"": ""balance_data"", ""right_keys"": [""from_currency""], ""right_table"": ""fx_rate""}]","{""balance_data"": {""product_level_1"": {""eq"": ""Assets""}, ""product_level_2"": {""eq"": ""Loans and Advances""}, ""product_level_3"": {""eq"": ""Industry""}, ""product_level_4"": {""eq"": ""Basic Metal""}, ""product_level_5"": {""eq"": ""Other Metal""}}}","{""balance_data"": {""total_value"": {""alias"": ""total_value"", ""expression"": ""SUM(balance_data.amount * fx_rate.fx_rate)""}}}",NULL,NULL,NULL,NULL,NULL,NULL,False,NULL,NULL,NULL,NULL
"MPD02_MF_023","MFs","Report MPD02: classify and report the line item 'MFs' using the specified Product Level hierarchy in BALANCE_DATA. Apply the stated condition to identify the eligible records and convert the source amount to the entity reporting currency using the applicable FX rate for the reporting date.","REPORT_PREPARER","RISK_REPORTING","[""balance_data"", ""fx_rate""]","[{""join_type"": ""inner"", ""left_keys"": [""currency""], ""left_table"": ""balance_data"", ""right_keys"": [""from_currency""], ""right_table"": ""fx_rate""}]","{""balance_data"": {""product_level_1"": {""eq"": ""Assets""}, ""product_level_2"": {""eq"": ""Loans and Advances""}, ""product_level_3"": {""eq"": ""Services""}, ""product_level_4"": {""eq"": ""MFs""}}}","{""balance_data"": {""total_value"": {""alias"": ""total_value"", ""expression"": ""SUM(balance_data.amount * fx_rate.fx_rate)""}}}",NULL,NULL,NULL,NULL,NULL,NULL,False,NULL,NULL,NULL,NULL
"MPD02_MFI_018","MFIs","Report MPD02: classify and report the line item 'MFIs' using the specified Product Level hierarchy in BALANCE_DATA. Apply the stated condition to identify the eligible records and convert the source amount to the entity reporting currency using the applicable FX rate for the reporting date.","REPORT_PREPARER","RISK_REPORTING","[""balance_data"", ""fx_rate""]","[{""join_type"": ""inner"", ""left_keys"": [""currency""], ""left_table"": ""balance_data"", ""right_keys"": [""from_currency""], ""right_table"": ""fx_rate""}]","{""balance_data"": {""product_level_1"": {""eq"": ""Assets""}, ""product_level_2"": {""eq"": ""Loans and Advances""}, ""product_level_3"": {""eq"": ""Services""}, ""product_level_4"": {""eq"": ""NBFCs other than PFIs""}, ""product_level_5"": {""eq"": ""MFIs""}}}","{""balance_data"": {""total_value"": {""alias"": ""total_value"", ""expression"": ""SUM(balance_data.amount * fx_rate.fx_rate)""}}}",NULL,NULL,NULL,NULL,NULL,NULL,False,NULL,NULL,NULL,NULL
"MPD02_MIN_051","Mining and Quarrying","Report MPD02: classify and report the line item 'Mining and Quarrying' using the specified Product Level hierarchy in BALANCE_DATA. Apply the stated condition to identify the eligible records and convert the source amount to the entity reporting currency using the applicable FX rate for the reporting date.","REPORT_PREPARER","RISK_REPORTING","[""balance_data"", ""fx_rate""]","[{""join_type"": ""inner"", ""left_keys"": [""currency""], ""left_table"": ""balance_data"", ""right_keys"": [""from_currency""], ""right_table"": ""fx_rate""}]","{""balance_data"": {""product_level_1"": {""eq"": ""Assets""}, ""product_level_2"": {""eq"": ""Loans and Advances""}, ""product_level_3"": {""eq"": ""Industry""}, ""product_level_4"": {""eq"": ""Mining and Quarrying""}}}","{""balance_data"": {""total_value"": {""alias"": ""total_value"", ""expression"": ""SUM(balance_data.amount * fx_rate.fx_rate)""}}}",NULL,NULL,NULL,NULL,NULL,NULL,False,NULL,NULL,NULL,NULL
"MPD02_MMT_059","Man-Made","Report MPD02: classify and report the line item 'Man-Made' using the specified Product Level hierarchy in BALANCE_DATA. Apply the stated condition to identify the eligible records and convert the source amount to the entity reporting currency using the applicable FX rate for the reporting date.","REPORT_PREPARER","RISK_REPORTING","[""balance_data"", ""fx_rate""]","[{""join_type"": ""inner"", ""left_keys"": [""currency""], ""left_table"": ""balance_data"", ""right_keys"": [""from_currency""], ""right_table"": ""fx_rate""}]","{""balance_data"": {""product_level_1"": {""eq"": ""Assets""}, ""product_level_2"": {""eq"": ""Loans and Advances""}, ""product_level_3"": {""eq"": ""Industry""}, ""product_level_4"": {""eq"": ""Textiles""}, ""product_level_5"": {""eq"": ""Man-Made""}}}","{""balance_data"": {""total_value"": {""alias"": ""total_value"", ""expression"": ""SUM(balance_data.amount * fx_rate.fx_rate)""}}}",NULL,NULL,NULL,NULL,NULL,NULL,False,NULL,NULL,NULL,NULL
"MPD02_MSE_005","Micro and Small","Report MPD02: classify and report the line item 'Micro and Small' using the specified Product Level hierarchy in BALANCE_DATA. Apply the stated condition to identify the eligible records and convert the source amount to the entity reporting currency using the applicable FX rate for the reporting date.","REPORT_PREPARER","RISK_REPORTING","[""balance_data"", ""fx_rate""]","[{""join_type"": ""inner"", ""left_keys"": [""currency""], ""left_table"": ""balance_data"", ""right_keys"": [""from_currency""], ""right_table"": ""fx_rate""}]","{""balance_data"": {""product_level_1"": {""eq"": ""Assets""}, ""product_level_2"": {""eq"": ""Loans and Advances""}, ""product_level_3"": {""eq"": ""Industry""}, ""product_level_4"": {""eq"": ""Micro and Small""}}}","{""balance_data"": {""total_value"": {""alias"": ""total_value"", ""expression"": ""SUM(balance_data.amount * fx_rate.fx_rate)""}}}",NULL,NULL,NULL,NULL,NULL,NULL,False,NULL,NULL,NULL,NULL
"MPD02_MSM_091","Micro and Small Enterprises - Manufacturing","Report MPD02: classify and report the line item 'Micro and Small Enterprises - Manufacturing' using the specified Product Level hierarchy in BALANCE_DATA. Apply the stated condition to identify the eligible records and convert the source amount to the entity reporting currency using the applicable FX rate for the reporting date.","REPORT_PREPARER","RISK_REPORTING","[""balance_data"", ""fx_rate""]","[{""join_type"": ""inner"", ""left_keys"": [""currency""], ""left_table"": ""balance_data"", ""right_keys"": [""from_currency""], ""right_table"": ""fx_rate""}]","{""balance_data"": {""product_level_1"": {""eq"": ""Assets""}, ""product_level_2"": {""eq"": ""Loans and Advances""}, ""product_level_3"": {""eq"": ""Priority Sector""}, ""product_level_4"": {""eq"": ""Micro and Small Enterprises - Manufacturing""}}}","{""balance_data"": {""total_value"": {""alias"": ""total_value"", ""expression"": ""SUM(balance_data.amount * fx_rate.fx_rate)""}}}",NULL,NULL,NULL,NULL,NULL,NULL,False,NULL,NULL,NULL,NULL
"MPD02_MSP_093","Micro Enterprises - Net PSLC","Report MPD02: classify and report the line item 'Micro Enterprises - Net PSLC' using the specified Product Level hierarchy in BALANCE_DATA. Apply the stated condition to identify the eligible records and convert the source amount to the entity reporting currency using the applicable FX rate for the reporting date.","REPORT_PREPARER","RISK_REPORTING","[""balance_data"", ""fx_rate""]","[{""join_type"": ""inner"", ""left_keys"": [""currency""], ""left_table"": ""balance_data"", ""right_keys"": [""from_currency""], ""right_table"": ""fx_rate""}]","{""balance_data"": {""product_level_1"": {""eq"": ""Assets""}, ""product_level_2"": {""eq"": ""Loans and Advances""}, ""product_level_3"": {""eq"": ""Priority Sector""}, ""product_level_4"": {""eq"": ""Micro Enterprises - Net PSLC""}}}","{""balance_data"": {""total_value"": {""alias"": ""total_value"", ""expression"": ""SUM(balance_data.amount * fx_rate.fx_rate)""}}}",NULL,NULL,NULL,NULL,NULL,NULL,False,NULL,NULL,NULL,NULL
"MPD02_MSS_092","Micro and Small Enterprises - Services","Report MPD02: classify and report the line item 'Micro and Small Enterprises - Services' using the specified Product Level hierarchy in BALANCE_DATA. Apply the stated condition to identify the eligible records and convert the source amount to the entity reporting currency using the applicable FX rate for the reporting date.","REPORT_PREPARER","RISK_REPORTING","[""balance_data"", ""fx_rate""]","[{""join_type"": ""inner"", ""left_keys"": [""currency""], ""left_table"": ""balance_data"", ""right_keys"": [""from_currency""], ""right_table"": ""fx_rate""}]","{""balance_data"": {""product_level_1"": {""eq"": ""Assets""}, ""product_level_2"": {""eq"": ""Loans and Advances""}, ""product_level_3"": {""eq"": ""Priority Sector""}, ""product_level_4"": {""eq"": ""Micro and Small Enterprises - Services""}}}","{""balance_data"": {""total_value"": {""alias"": ""total_value"", ""expression"": ""SUM(balance_data.amount * fx_rate.fx_rate)""}}}",NULL,NULL,NULL,NULL,NULL,NULL,False,NULL,NULL,NULL,NULL
"MPD02_MUD_108","Mudra Deposit","Report MPD02: classify and report the line item 'Mudra Deposit' using the specified Product Level hierarchy in BALANCE_DATA. Apply the stated condition to identify the eligible records and convert the source amount to the entity reporting currency using the applicable FX rate for the reporting date.","REPORT_PREPARER","RISK_REPORTING","[""balance_data"", ""fx_rate""]","[{""join_type"": ""inner"", ""left_keys"": [""currency""], ""left_table"": ""balance_data"", ""right_keys"": [""from_currency""], ""right_table"": ""fx_rate""}]","{""balance_data"": {""product_level_1"": {""eq"": ""Assets""}, ""product_level_2"": {""eq"": ""Investments""}, ""product_level_3"": {""eq"": ""Priority Sector""}, ""product_level_4"": {""eq"": ""Mudra Deposit""}}}","{""balance_data"": {""total_value"": {""alias"": ""total_value"", ""expression"": ""SUM(balance_data.amount * fx_rate.fx_rate)""}}}",NULL,NULL,NULL,NULL,NULL,NULL,False,NULL,NULL,NULL,NULL
"MPD02_NAD_107","NABARD deposits","Report MPD02: classify and report the line item 'NABARD deposits' using the specified Product Level hierarchy in BALANCE_DATA. Apply the stated condition to identify the eligible records and convert the source amount to the entity reporting currency using the applicable FX rate for the reporting date.","REPORT_PREPARER","RISK_REPORTING","[""balance_data"", ""fx_rate""]","[{""join_type"": ""inner"", ""left_keys"": [""currency""], ""left_table"": ""balance_data"", ""right_keys"": [""from_currency""], ""right_table"": ""fx_rate""}]","{""balance_data"": {""product_level_1"": {""eq"": ""Assets""}, ""product_level_2"": {""eq"": ""Investments""}, ""product_level_3"": {""eq"": ""Priority Sector""}, ""product_level_4"": {""eq"": ""NABARD deposits""}}}","{""balance_data"": {""total_value"": {""alias"": ""total_value"", ""expression"": ""SUM(balance_data.amount * fx_rate.fx_rate)""}}}",NULL,NULL,NULL,NULL,NULL,NULL,False,NULL,NULL,NULL,NULL
"MPD02_NBG_019","NBFCs engaged in loans against gold only","Report MPD02: classify and report the line item 'NBFCs engaged in loans against gold only' using the specified Product Level hierarchy in BALANCE_DATA. Apply the stated condition to identify the eligible records and convert the source amount to the entity reporting currency using the applicable FX rate for the reporting date.","REPORT_PREPARER","RISK_REPORTING","[""balance_data"", ""fx_rate""]","[{""join_type"": ""inner"", ""left_keys"": [""currency""], ""left_table"": ""balance_data"", ""right_keys"": [""from_currency""], ""right_table"": ""fx_rate""}]","{""balance_data"": {""product_level_1"": {""eq"": ""Assets""}, ""product_level_2"": {""eq"": ""Loans and Advances""}, ""product_level_3"": {""eq"": ""Services""}, ""product_level_4"": {""eq"": ""NBFCs other than PFIs""}, ""product_level_5"": {""eq"": ""NBFCs engaged in loans against gold only""}}}","{""balance_data"": {""total_value"": {""alias"": ""total_value"", ""expression"": ""SUM(balance_data.amount * fx_rate.fx_rate)""}}}",NULL,NULL,NULL,NULL,NULL,NULL,False,NULL,NULL,NULL,NULL
"MPD02_NBO_020","Other NBFCs","Report MPD02: classify and report the line item 'Other NBFCs' using the specified Product Level hierarchy in BALANCE_DATA. Apply the stated condition to identify the eligible records and convert the source amount to the entity reporting currency using the applicable FX rate for the reporting date.","REPORT_PREPARER","RISK_REPORTING","[""balance_data"", ""fx_rate""]","[{""join_type"": ""inner"", ""left_keys"": [""currency""], ""left_table"": ""balance_data"", ""right_keys"": [""from_currency""], ""right_table"": ""fx_rate""}]","{""balance_data"": {""product_level_1"": {""eq"": ""Assets""}, ""product_level_2"": {""eq"": ""Loans and Advances""}, ""product_level_3"": {""eq"": ""Services""}, ""product_level_4"": {""eq"": ""NBFCs other than PFIs""}, ""product_level_5"": {""eq"": ""Others""}}}","{""balance_data"": {""total_value"": {""alias"": ""total_value"", ""expression"": ""SUM(balance_data.amount * fx_rate.fx_rate)""}}}",NULL,NULL,NULL,NULL,NULL,NULL,False,NULL,NULL,NULL,NULL
"MPD02_NFCM_048","Non-fund based Exposure to Capital Market","Report MPD02: classify and report the line item 'Non-fund based Exposure to Capital Market' using the specified Product Level hierarchy in BALANCE_DATA. Apply the stated condition to identify the eligible records and convert the source amount to the entity reporting currency using the applicable FX rate for the reporting date.","REPORT_PREPARER","RISK_REPORTING","[""balance_data"", ""fx_rate""]","[{""join_type"": ""inner"", ""left_keys"": [""currency""], ""left_table"": ""balance_data"", ""right_keys"": [""from_currency""], ""right_table"": ""fx_rate""}]","{""balance_data"": {""product_level_1"": {""eq"": ""Assets""}, ""product_level_2"": {""eq"": ""Loans and Advances""}, ""product_level_3"": {""eq"": ""Non-fund based Exposure to Capital Market""}}}","{""balance_data"": {""total_value"": {""alias"": ""total_value"", ""expression"": ""SUM(balance_data.amount * fx_rate.fx_rate)""}}}",NULL,NULL,NULL,NULL,NULL,NULL,False,NULL,NULL,NULL,NULL
"MPD02_NFCR_045","Non-fund based limits for Commercial Real Estate","Report MPD02: classify and report the line item 'Non-fund based limits for Commercial Real Estate' using the specified Product Level hierarchy in BALANCE_DATA. Apply the stated condition to identify the eligible records and convert the source amount to the entity reporting currency using the applicable FX rate for the reporting date.","REPORT_PREPARER","RISK_REPORTING","[""balance_data"", ""fx_rate""]","[{""join_type"": ""inner"", ""left_keys"": [""currency""], ""left_table"": ""balance_data"", ""right_keys"": [""from_currency""], ""right_table"": ""fx_rate""}]","{""balance_data"": {""product_level_1"": {""eq"": ""Assets""}, ""product_level_2"": {""eq"": ""Loans and Advances""}, ""product_level_3"": {""eq"": ""Non-fund based limits for Commercial Real Estate""}}}","{""balance_data"": {""total_value"": {""alias"": ""total_value"", ""expression"": ""SUM(balance_data.amount * fx_rate.fx_rate)""}}}",NULL,NULL,NULL,NULL,NULL,NULL,False,NULL,NULL,NULL,NULL
"MPD02_NHB_022","NHB","Report MPD02: classify and report the line item 'NHB' using the specified Product Level hierarchy in BALANCE_DATA. Apply the stated condition to identify the eligible records and convert the source amount to the entity reporting currency using the applicable FX rate for the reporting date.","REPORT_PREPARER","RISK_REPORTING","[""balance_data"", ""fx_rate""]","[{""join_type"": ""inner"", ""left_keys"": [""currency""], ""left_table"": ""balance_data"", ""right_keys"": [""from_currency""], ""right_table"": ""fx_rate""}]","{""balance_data"": {""product_level_1"": {""eq"": ""Assets""}, ""product_level_2"": {""eq"": ""Loans and Advances""}, ""product_level_3"": {""eq"": ""Services""}, ""product_level_4"": {""eq"": ""PFIs""}, ""product_level_5"": {""eq"": ""NHB""}}}","{""balance_data"": {""total_value"": {""alias"": ""total_value"", ""expression"": ""SUM(balance_data.amount * fx_rate.fx_rate)""}}}",NULL,NULL,NULL,NULL,NULL,NULL,False,NULL,NULL,NULL,NULL
"MPD02_NHBX_043","NHB","Report MPD02: classify and report the line item 'NHB' using the specified Product Level hierarchy in BALANCE_DATA. Apply the stated condition to identify the eligible records and convert the source amount to the entity reporting currency using the applicable FX rate for the reporting date.","REPORT_PREPARER","RISK_REPORTING","[""balance_data"", ""fx_rate""]","[{""join_type"": ""inner"", ""left_keys"": [""currency""], ""left_table"": ""balance_data"", ""right_keys"": [""from_currency""], ""right_table"": ""fx_rate""}]","{""balance_data"": {""product_level_1"": {""eq"": ""Assets""}, ""product_level_2"": {""eq"": ""Loans and Advances""}, ""product_level_3"": {""eq"": ""NHB""}}}","{""balance_data"": {""total_value"": {""alias"": ""total_value"", ""expression"": ""SUM(balance_data.amount * fx_rate.fx_rate)""}}}",NULL,NULL,NULL,NULL,NULL,NULL,False,NULL,NULL,NULL,NULL
"MPD02_NHD_106","NHB Deposit","Report MPD02: classify and report the line item 'NHB Deposit' using the specified Product Level hierarchy in BALANCE_DATA. Apply the stated condition to identify the eligible records and convert the source amount to the entity reporting currency using the applicable FX rate for the reporting date.","REPORT_PREPARER","RISK_REPORTING","[""balance_data"", ""fx_rate""]","[{""join_type"": ""inner"", ""left_keys"": [""currency""], ""left_table"": ""balance_data"", ""right_keys"": [""from_currency""], ""right_table"": ""fx_rate""}]","{""balance_data"": {""product_level_1"": {""eq"": ""Assets""}, ""product_level_2"": {""eq"": ""Investments""}, ""product_level_3"": {""eq"": ""Priority Sector""}, ""product_level_4"": {""eq"": ""NHB Deposit""}}}","{""balance_data"": {""total_value"": {""alias"": ""total_value"", ""expression"": ""SUM(balance_data.amount * fx_rate.fx_rate)""}}}",NULL,NULL,NULL,NULL,NULL,NULL,False,NULL,NULL,NULL,NULL
"MPD02_OIL_053","Edible Oils and Vanaspati","Report MPD02: classify and report the line item 'Edible Oils and Vanaspati' using the specified Product Level hierarchy in BALANCE_DATA. Apply the stated condition to identify the eligible records and convert the source amount to the entity reporting currency using the applicable FX rate for the reporting date.","REPORT_PREPARER","RISK_REPORTING","[""balance_data"", ""fx_rate""]","[{""join_type"": ""inner"", ""left_keys"": [""currency""], ""left_table"": ""balance_data"", ""right_keys"": [""from_currency""], ""right_table"": ""fx_rate""}]","{""balance_data"": {""product_level_1"": {""eq"": ""Assets""}, ""product_level_2"": {""eq"": ""Loans and Advances""}, ""product_level_3"": {""eq"": ""Industry""}, ""product_level_4"": {""eq"": ""Food Processing""}, ""product_level_5"": {""eq"": ""Edible Oils and Vanaspati""}}}","{""balance_data"": {""total_value"": {""alias"": ""total_value"", ""expression"": ""SUM(balance_data.amount * fx_rate.fx_rate)""}}}",NULL,NULL,NULL,NULL,NULL,NULL,False,NULL,NULL,NULL,NULL
"MPD02_OIN_087","Other Industries","Report MPD02: classify and report the line item 'Other Industries' using the specified Product Level hierarchy in BALANCE_DATA. Apply the stated condition to identify the eligible records and convert the source amount to the entity reporting currency using the applicable FX rate for the reporting date.","REPORT_PREPARER","RISK_REPORTING","[""balance_data"", ""fx_rate""]","[{""join_type"": ""inner"", ""left_keys"": [""currency""], ""left_table"": ""balance_data"", ""right_keys"": [""from_currency""], ""right_table"": ""fx_rate""}]","{""balance_data"": {""product_level_1"": {""eq"": ""Assets""}, ""product_level_2"": {""eq"": ""Loans and Advances""}, ""product_level_3"": {""eq"": ""Industry""}, ""product_level_4"": {""eq"": ""Other Industries""}}}","{""balance_data"": {""total_value"": {""alias"": ""total_value"", ""expression"": ""SUM(balance_data.amount * fx_rate.fx_rate)""}}}",NULL,NULL,NULL,NULL,NULL,NULL,False,NULL,NULL,NULL,NULL
"MPD02_OPL_034","Other Personal Loans","Report MPD02: classify and report the line item 'Other Personal Loans' using the specified Product Level hierarchy in BALANCE_DATA. Apply the stated condition to identify the eligible records and convert the source amount to the entity reporting currency using the applicable FX rate for the reporting date.","REPORT_PREPARER","RISK_REPORTING","[""balance_data"", ""fx_rate""]","[{""join_type"": ""inner"", ""left_keys"": [""currency""], ""left_table"": ""balance_data"", ""right_keys"": [""from_currency""], ""right_table"": ""fx_rate""}]","{""balance_data"": {""product_level_1"": {""eq"": ""Assets""}, ""product_level_2"": {""eq"": ""Loans and Advances""}, ""product_level_3"": {""eq"": ""Personal Loans""}, ""product_level_4"": {""eq"": ""Other Personal Loans""}}}","{""balance_data"": {""total_value"": {""alias"": ""total_value"", ""expression"": ""SUM(balance_data.amount * fx_rate.fx_rate)""}}}",NULL,NULL,NULL,NULL,NULL,NULL,False,NULL,NULL,NULL,NULL
"MPD02_OS_025","Other Services","Report MPD02: classify and report the line item 'Other Services' using the specified Product Level hierarchy in BALANCE_DATA. Apply the stated condition to identify the eligible records and convert the source amount to the entity reporting currency using the applicable FX rate for the reporting date.","REPORT_PREPARER","RISK_REPORTING","[""balance_data"", ""fx_rate""]","[{""join_type"": ""inner"", ""left_keys"": [""currency""], ""left_table"": ""balance_data"", ""right_keys"": [""from_currency""], ""right_table"": ""fx_rate""}]","{""balance_data"": {""product_level_1"": {""eq"": ""Assets""}, ""product_level_2"": {""eq"": ""Loans and Advances""}, ""product_level_3"": {""eq"": ""Services""}, ""product_level_4"": {""eq"": ""Other Services""}}}","{""balance_data"": {""total_value"": {""alias"": ""total_value"", ""expression"": ""SUM(balance_data.amount * fx_rate.fx_rate)""}}}",NULL,NULL,NULL,NULL,NULL,NULL,False,NULL,NULL,NULL,NULL
"MPD02_OTH_102","Others","Report MPD02: classify and report the line item 'Others' using the specified Product Level hierarchy in BALANCE_DATA. Apply the stated condition to identify the eligible records and convert the source amount to the entity reporting currency using the applicable FX rate for the reporting date.","REPORT_PREPARER","RISK_REPORTING","[""balance_data"", ""fx_rate""]","[{""join_type"": ""inner"", ""left_keys"": [""currency""], ""left_table"": ""balance_data"", ""right_keys"": [""from_currency""], ""right_table"": ""fx_rate""}]","{""balance_data"": {""product_level_1"": {""eq"": ""Assets""}, ""product_level_2"": {""eq"": ""Loans and Advances""}, ""product_level_3"": {""eq"": ""Priority Sector""}, ""product_level_4"": {""eq"": ""Others""}}}","{""balance_data"": {""total_value"": {""alias"": ""total_value"", ""expression"": ""SUM(balance_data.amount * fx_rate.fx_rate)""}}}",NULL,NULL,NULL,NULL,NULL,NULL,False,NULL,NULL,NULL,NULL
"MPD02_OTX_060","Other Textiles","Report MPD02: classify and report the line item 'Other Textiles' using the specified Product Level hierarchy in BALANCE_DATA. Apply the stated condition to identify the eligible records and convert the source amount to the entity reporting currency using the applicable FX rate for the reporting date.","REPORT_PREPARER","RISK_REPORTING","[""balance_data"", ""fx_rate""]","[{""join_type"": ""inner"", ""left_keys"": [""currency""], ""left_table"": ""balance_data"", ""right_keys"": [""from_currency""], ""right_table"": ""fx_rate""}]","{""balance_data"": {""product_level_1"": {""eq"": ""Assets""}, ""product_level_2"": {""eq"": ""Loans and Advances""}, ""product_level_3"": {""eq"": ""Industry""}, ""product_level_4"": {""eq"": ""Textiles""}, ""product_level_5"": {""eq"": ""Other Textiles""}}}","{""balance_data"": {""total_value"": {""alias"": ""total_value"", ""expression"": ""SUM(balance_data.amount * fx_rate.fx_rate)""}}}",NULL,NULL,NULL,NULL,NULL,NULL,False,NULL,NULL,NULL,NULL
"MPD02_PAP_063","Paper","Report MPD02: classify and report the line item 'Paper' using the specified Product Level hierarchy in BALANCE_DATA. Apply the stated condition to identify the eligible records and convert the source amount to the entity reporting currency using the applicable FX rate for the reporting date.","REPORT_PREPARER","RISK_REPORTING","[""balance_data"", ""fx_rate""]","[{""join_type"": ""inner"", ""left_keys"": [""currency""], ""left_table"": ""balance_data"", ""right_keys"": [""from_currency""], ""right_table"": ""fx_rate""}]","{""balance_data"": {""product_level_1"": {""eq"": ""Assets""}, ""product_level_2"": {""eq"": ""Loans and Advances""}, ""product_level_3"": {""eq"": ""Industry""}, ""product_level_4"": {""eq"": ""Paper""}}}","{""balance_data"": {""total_value"": {""alias"": ""total_value"", ""expression"": ""SUM(balance_data.amount * fx_rate.fx_rate)""}}}",NULL,NULL,NULL,NULL,NULL,NULL,False,NULL,NULL,NULL,NULL
"MPD02_PCH_067","Petro Chemicals","Report MPD02: classify and report the line item 'Petro Chemicals' using the specified Product Level hierarchy in BALANCE_DATA. Apply the stated condition to identify the eligible records and convert the source amount to the entity reporting currency using the applicable FX rate for the reporting date.","REPORT_PREPARER","RISK_REPORTING","[""balance_data"", ""fx_rate""]","[{""join_type"": ""inner"", ""left_keys"": [""currency""], ""left_table"": ""balance_data"", ""right_keys"": [""from_currency""], ""right_table"": ""fx_rate""}]","{""balance_data"": {""product_level_1"": {""eq"": ""Assets""}, ""product_level_2"": {""eq"": ""Loans and Advances""}, ""product_level_3"": {""eq"": ""Industry""}, ""product_level_4"": {""eq"": ""Chemicals""}, ""product_level_5"": {""eq"": ""Petro Chemicals""}}}","{""balance_data"": {""total_value"": {""alias"": ""total_value"", ""expression"": ""SUM(balance_data.amount * fx_rate.fx_rate)""}}}",NULL,NULL,NULL,NULL,NULL,NULL,False,NULL,NULL,NULL,NULL
"MPD02_PET_064","Petroleum","Report MPD02: classify and report the line item 'Petroleum' using the specified Product Level hierarchy in BALANCE_DATA. Apply the stated condition to identify the eligible records and convert the source amount to the entity reporting currency using the applicable FX rate for the reporting date.","REPORT_PREPARER","RISK_REPORTING","[""balance_data"", ""fx_rate""]","[{""join_type"": ""inner"", ""left_keys"": [""currency""], ""left_table"": ""balance_data"", ""right_keys"": [""from_currency""], ""right_table"": ""fx_rate""}]","{""balance_data"": {""product_level_1"": {""eq"": ""Assets""}, ""product_level_2"": {""eq"": ""Loans and Advances""}, ""product_level_3"": {""eq"": ""Industry""}, ""product_level_4"": {""eq"": ""Petroleum, Coal Products and Nuclear Fuels""}, ""product_level_5"": {""eq"": ""Petroleum""}}}","{""balance_data"": {""total_value"": {""alias"": ""total_value"", ""expression"": ""SUM(balance_data.amount * fx_rate.fx_rate)""}}}",NULL,NULL,NULL,NULL,NULL,NULL,False,NULL,NULL,NULL,NULL
"MPD02_POR_084","Ports","Report MPD02: classify and report the line item 'Ports' using the specified Product Level hierarchy in BALANCE_DATA. Apply the stated condition to identify the eligible records and convert the source amount to the entity reporting currency using the applicable FX rate for the reporting date.","REPORT_PREPARER","RISK_REPORTING","[""balance_data"", ""fx_rate""]","[{""join_type"": ""inner"", ""left_keys"": [""currency""], ""left_table"": ""balance_data"", ""right_keys"": [""from_currency""], ""right_table"": ""fx_rate""}]","{""balance_data"": {""product_level_1"": {""eq"": ""Assets""}, ""product_level_2"": {""eq"": ""Loans and Advances""}, ""product_level_3"": {""eq"": ""Industry""}, ""product_level_4"": {""eq"": ""Infrastructure""}, ""product_level_5"": {""eq"": ""Ports""}}}","{""balance_data"": {""total_value"": {""alias"": ""total_value"", ""expression"": ""SUM(balance_data.amount * fx_rate.fx_rate)""}}}",NULL,NULL,NULL,NULL,NULL,NULL,False,NULL,NULL,NULL,NULL
"MPD02_PRS_013","Professional Services","Report MPD02: classify and report the line item 'Professional Services' using the specified Product Level hierarchy in BALANCE_DATA. Apply the stated condition to identify the eligible records and convert the source amount to the entity reporting currency using the applicable FX rate for the reporting date.","REPORT_PREPARER","RISK_REPORTING","[""balance_data"", ""fx_rate""]","[{""join_type"": ""inner"", ""left_keys"": [""currency""], ""left_table"": ""balance_data"", ""right_keys"": [""from_currency""], ""right_table"": ""fx_rate""}]","{""balance_data"": {""product_level_1"": {""eq"": ""Assets""}, ""product_level_2"": {""eq"": ""Loans and Advances""}, ""product_level_3"": {""eq"": ""Services""}, ""product_level_4"": {""eq"": ""Professional Services""}}}","{""balance_data"": {""total_value"": {""alias"": ""total_value"", ""expression"": ""SUM(balance_data.amount * fx_rate.fx_rate)""}}}",NULL,NULL,NULL,NULL,NULL,NULL,False,NULL,NULL,NULL,NULL
"MPD02_PSAG_035","Agriculture and Allied Activities","Report MPD02: classify and report the line item 'Agriculture and Allied Activities' using the specified Product Level hierarchy in BALANCE_DATA. Apply the stated condition to identify the eligible records and convert the source amount to the entity reporting currency using the applicable FX rate for the reporting date.","REPORT_PREPARER","RISK_REPORTING","[""balance_data"", ""fx_rate""]","[{""join_type"": ""inner"", ""left_keys"": [""currency""], ""left_table"": ""balance_data"", ""right_keys"": [""from_currency""], ""right_table"": ""fx_rate""}]","{""balance_data"": {""product_level_1"": {""eq"": ""Assets""}, ""product_level_2"": {""eq"": ""Loans and Advances""}, ""product_level_3"": {""eq"": ""Priority Sector""}, ""product_level_4"": {""eq"": ""Agriculture and Allied Activities""}}}","{""balance_data"": {""total_value"": {""alias"": ""total_value"", ""expression"": ""SUM(balance_data.amount * fx_rate.fx_rate)""}}}",NULL,NULL,NULL,NULL,NULL,NULL,False,NULL,NULL,NULL,NULL
"MPD02_PSEDU_038","Educational Loans","Report MPD02: classify and report the line item 'Educational Loans' using the specified Product Level hierarchy in BALANCE_DATA. Apply the stated condition to identify the eligible records and convert the source amount to the entity reporting currency using the applicable FX rate for the reporting date.","REPORT_PREPARER","RISK_REPORTING","[""balance_data"", ""fx_rate""]","[{""join_type"": ""inner"", ""left_keys"": [""currency""], ""left_table"": ""balance_data"", ""right_keys"": [""from_currency""], ""right_table"": ""fx_rate""}]","{""balance_data"": {""product_level_1"": {""eq"": ""Assets""}, ""product_level_2"": {""eq"": ""Loans and Advances""}, ""product_level_3"": {""eq"": ""Priority Sector""}, ""product_level_4"": {""eq"": ""Educational Loans""}}}","{""balance_data"": {""total_value"": {""alias"": ""total_value"", ""expression"": ""SUM(balance_data.amount * fx_rate.fx_rate)""}}}",NULL,NULL,NULL,NULL,NULL,NULL,False,NULL,NULL,NULL,NULL
"MPD02_PSG_103","Net PSLC-General","Report MPD02: classify and report the line item 'Net PSLC-General' using the specified Product Level hierarchy in BALANCE_DATA. Apply the stated condition to identify the eligible records and convert the source amount to the entity reporting currency using the applicable FX rate for the reporting date.","REPORT_PREPARER","RISK_REPORTING","[""balance_data"", ""fx_rate""]","[{""join_type"": ""inner"", ""left_keys"": [""currency""], ""left_table"": ""balance_data"", ""right_keys"": [""from_currency""], ""right_table"": ""fx_rate""}]","{""balance_data"": {""product_level_1"": {""eq"": ""Assets""}, ""product_level_2"": {""eq"": ""Loans and Advances""}, ""product_level_3"": {""eq"": ""Priority Sector""}, ""product_level_4"": {""eq"": ""Net PSLC-General""}}}","{""balance_data"": {""total_value"": {""alias"": ""total_value"", ""expression"": ""SUM(balance_data.amount * fx_rate.fx_rate)""}}}",NULL,NULL,NULL,NULL,NULL,NULL,False,NULL,NULL,NULL,NULL
"MPD02_PSH_037","Housing","Report MPD02: classify and report the line item 'Housing' using the specified Product Level hierarchy in BALANCE_DATA. Apply the stated condition to identify the eligible records and convert the source amount to the entity reporting currency using the applicable FX rate for the reporting date.","REPORT_PREPARER","RISK_REPORTING","[""balance_data"", ""fx_rate""]","[{""join_type"": ""inner"", ""left_keys"": [""currency""], ""left_table"": ""balance_data"", ""right_keys"": [""from_currency""], ""right_table"": ""fx_rate""}]","{""balance_data"": {""product_level_1"": {""eq"": ""Assets""}, ""product_level_2"": {""eq"": ""Loans and Advances""}, ""product_level_3"": {""eq"": ""Priority Sector""}, ""product_level_4"": {""eq"": ""Housing""}}}","{""balance_data"": {""total_value"": {""alias"": ""total_value"", ""expression"": ""SUM(balance_data.amount * fx_rate.fx_rate)""}}}",NULL,NULL,NULL,NULL,NULL,NULL,False,NULL,NULL,NULL,NULL
"MPD02_PSMSE_036","Micro and Small Enterprises","Report MPD02: classify and report the line item 'Micro and Small Enterprises' using the specified Product Level hierarchy in BALANCE_DATA. Apply the stated condition to identify the eligible records and convert the source amount to the entity reporting currency using the applicable FX rate for the reporting date.","REPORT_PREPARER","RISK_REPORTING","[""balance_data"", ""fx_rate""]","[{""join_type"": ""inner"", ""left_keys"": [""currency""], ""left_table"": ""balance_data"", ""right_keys"": [""from_currency""], ""right_table"": ""fx_rate""}]","{""balance_data"": {""product_level_1"": {""eq"": ""Assets""}, ""product_level_2"": {""eq"": ""Loans and Advances""}, ""product_level_3"": {""eq"": ""Priority Sector""}, ""product_level_4"": {""eq"": ""Micro and Small Enterprises""}}}","{""balance_data"": {""total_value"": {""alias"": ""total_value"", ""expression"": ""SUM(balance_data.amount * fx_rate.fx_rate)""}}}",NULL,NULL,NULL,NULL,NULL,NULL,False,NULL,NULL,NULL,NULL
"MPD02_PSNB_050","Public Sector NBFCs such as PFC, REC, etc.","Report MPD02: classify and report the line item 'Public Sector NBFCs such as PFC, REC, etc.' using the specified Product Level hierarchy in BALANCE_DATA. Apply the stated condition to identify the eligible records and convert the source amount to the entity reporting currency using the applicable FX rate for the reporting date.","REPORT_PREPARER","RISK_REPORTING","[""balance_data"", ""fx_rate""]","[{""join_type"": ""inner"", ""left_keys"": [""currency""], ""left_table"": ""balance_data"", ""right_keys"": [""from_currency""], ""right_table"": ""fx_rate""}]","{""balance_data"": {""product_level_1"": {""eq"": ""Assets""}, ""product_level_2"": {""eq"": ""Loans and Advances""}, ""product_level_3"": {""eq"": ""Public Sector NBFCs such as PFC, REC, etc.""}}}","{""balance_data"": {""total_value"": {""alias"": ""total_value"", ""expression"": ""SUM(balance_data.amount * fx_rate.fx_rate)""}}}",NULL,NULL,NULL,NULL,NULL,NULL,False,NULL,NULL,NULL,NULL
"MPD02_PSSI_039","Social Infrastructure","Report MPD02: classify and report the line item 'Social Infrastructure' using the specified Product Level hierarchy in BALANCE_DATA. Apply the stated condition to identify the eligible records and convert the source amount to the entity reporting currency using the applicable FX rate for the reporting date.","REPORT_PREPARER","RISK_REPORTING","[""balance_data"", ""fx_rate""]","[{""join_type"": ""inner"", ""left_keys"": [""currency""], ""left_table"": ""balance_data"", ""right_keys"": [""from_currency""], ""right_table"": ""fx_rate""}]","{""balance_data"": {""product_level_1"": {""eq"": ""Assets""}, ""product_level_2"": {""eq"": ""Loans and Advances""}, ""product_level_3"": {""eq"": ""Priority Sector""}, ""product_level_4"": {""eq"": ""Social Infrastructure""}}}","{""balance_data"": {""total_value"": {""alias"": ""total_value"", ""expression"": ""SUM(balance_data.amount * fx_rate.fx_rate)""}}}",NULL,NULL,NULL,NULL,NULL,NULL,False,NULL,NULL,NULL,NULL
"MPD02_PSWS_040","Weaker Sections including net PSLC-SF/MF","Report MPD02: classify and report the line item 'Weaker Sections including net PSLC-SF/MF' using the specified Product Level hierarchy in BALANCE_DATA. Apply the stated condition to identify the eligible records and convert the source amount to the entity reporting currency using the applicable FX rate for the reporting date.","REPORT_PREPARER","RISK_REPORTING","[""balance_data"", ""fx_rate""]","[{""join_type"": ""inner"", ""left_keys"": [""currency""], ""left_table"": ""balance_data"", ""right_keys"": [""from_currency""], ""right_table"": ""fx_rate""}]","{""balance_data"": {""product_level_1"": {""eq"": ""Assets""}, ""product_level_2"": {""eq"": ""Loans and Advances""}, ""product_level_3"": {""eq"": ""Priority Sector""}, ""product_level_4"": {""eq"": ""Weaker Sections including net PSLC-SF/MF""}}}","{""balance_data"": {""total_value"": {""alias"": ""total_value"", ""expression"": ""SUM(balance_data.amount * fx_rate.fx_rate)""}}}",NULL,NULL,NULL,NULL,NULL,NULL,False,NULL,NULL,NULL,NULL
"MPD02_PWR_079","Power","Report MPD02: classify and report the line item 'Power' using the specified Product Level hierarchy in BALANCE_DATA. Apply the stated condition to identify the eligible records and convert the source amount to the entity reporting currency using the applicable FX rate for the reporting date.","REPORT_PREPARER","RISK_REPORTING","[""balance_data"", ""fx_rate""]","[{""join_type"": ""inner"", ""left_keys"": [""currency""], ""left_table"": ""balance_data"", ""right_keys"": [""from_currency""], ""right_table"": ""fx_rate""}]","{""balance_data"": {""product_level_1"": {""eq"": ""Assets""}, ""product_level_2"": {""eq"": ""Loans and Advances""}, ""product_level_3"": {""eq"": ""Industry""}, ""product_level_4"": {""eq"": ""Infrastructure""}, ""product_level_5"": {""eq"": ""Power""}}}","{""balance_data"": {""total_value"": {""alias"": ""total_value"", ""expression"": ""SUM(balance_data.amount * fx_rate.fx_rate)""}}}",NULL,NULL,NULL,NULL,NULL,NULL,False,NULL,NULL,NULL,NULL
"MPD02_RAI_085","Railways (other than Indian Railways)","Report MPD02: classify and report the line item 'Railways (other than Indian Railways)' using the specified Product Level hierarchy in BALANCE_DATA. Apply the stated condition to identify the eligible records and convert the source amount to the entity reporting currency using the applicable FX rate for the reporting date.","REPORT_PREPARER","RISK_REPORTING","[""balance_data"", ""fx_rate""]","[{""join_type"": ""inner"", ""left_keys"": [""currency""], ""left_table"": ""balance_data"", ""right_keys"": [""from_currency""], ""right_table"": ""fx_rate""}]","{""balance_data"": {""product_level_1"": {""eq"": ""Assets""}, ""product_level_2"": {""eq"": ""Loans and Advances""}, ""product_level_3"": {""eq"": ""Industry""}, ""product_level_4"": {""eq"": ""Infrastructure""}, ""product_level_5"": {""eq"": ""Railways (other than Indian Railways)""}}}","{""balance_data"": {""total_value"": {""alias"": ""total_value"", ""expression"": ""SUM(balance_data.amount * fx_rate.fx_rate)""}}}",NULL,NULL,NULL,NULL,NULL,NULL,False,NULL,NULL,NULL,NULL
"MPD02_RDS_082","Roads","Report MPD02: classify and report the line item 'Roads' using the specified Product Level hierarchy in BALANCE_DATA. Apply the stated condition to identify the eligible records and convert the source amount to the entity reporting currency using the applicable FX rate for the reporting date.","REPORT_PREPARER","RISK_REPORTING","[""balance_data"", ""fx_rate""]","[{""join_type"": ""inner"", ""left_keys"": [""currency""], ""left_table"": ""balance_data"", ""right_keys"": [""from_currency""], ""right_table"": ""fx_rate""}]","{""balance_data"": {""product_level_1"": {""eq"": ""Assets""}, ""product_level_2"": {""eq"": ""Loans and Advances""}, ""product_level_3"": {""eq"": ""Industry""}, ""product_level_4"": {""eq"": ""Infrastructure""}, ""product_level_5"": {""eq"": ""Roads""}}}","{""balance_data"": {""total_value"": {""alias"": ""total_value"", ""expression"": ""SUM(balance_data.amount * fx_rate.fx_rate)""}}}",NULL,NULL,NULL,NULL,NULL,NULL,False,NULL,NULL,NULL,NULL
"MPD02_REN_099","Renewable Energy","Report MPD02: classify and report the line item 'Renewable Energy' using the specified Product Level hierarchy in BALANCE_DATA. Apply the stated condition to identify the eligible records and convert the source amount to the entity reporting currency using the applicable FX rate for the reporting date.","REPORT_PREPARER","RISK_REPORTING","[""balance_data"", ""fx_rate""]","[{""join_type"": ""inner"", ""left_keys"": [""currency""], ""left_table"": ""balance_data"", ""right_keys"": [""from_currency""], ""right_table"": ""fx_rate""}]","{""balance_data"": {""product_level_1"": {""eq"": ""Assets""}, ""product_level_2"": {""eq"": ""Loans and Advances""}, ""product_level_3"": {""eq"": ""Priority Sector""}, ""product_level_4"": {""eq"": ""Renewable Energy""}}}","{""balance_data"": {""total_value"": {""alias"": ""total_value"", ""expression"": ""SUM(balance_data.amount * fx_rate.fx_rate)""}}}",NULL,NULL,NULL,NULL,NULL,NULL,False,NULL,NULL,NULL,NULL
"MPD02_RPL_069","Rubber, Plastic","Report MPD02: classify and report the line item 'Rubber, Plastic' using the specified Product Level hierarchy in BALANCE_DATA. Apply the stated condition to identify the eligible records and convert the source amount to the entity reporting currency using the applicable FX rate for the reporting date.","REPORT_PREPARER","RISK_REPORTING","[""balance_data"", ""fx_rate""]","[{""join_type"": ""inner"", ""left_keys"": [""currency""], ""left_table"": ""balance_data"", ""right_keys"": [""from_currency""], ""right_table"": ""fx_rate""}]","{""balance_data"": {""product_level_1"": {""eq"": ""Assets""}, ""product_level_2"": {""eq"": ""Loans and Advances""}, ""product_level_3"": {""eq"": ""Industry""}, ""product_level_4"": {""eq"": ""Rubber, Plastic""}}}","{""balance_data"": {""total_value"": {""alias"": ""total_value"", ""expression"": ""SUM(balance_data.amount * fx_rate.fx_rate)""}}}",NULL,NULL,NULL,NULL,NULL,NULL,False,NULL,NULL,NULL,NULL
"MPD02_RT_015","Retail Trade","Report MPD02: classify and report the line item 'Retail Trade' using the specified Product Level hierarchy in BALANCE_DATA. Apply the stated condition to identify the eligible records and convert the source amount to the entity reporting currency using the applicable FX rate for the reporting date.","REPORT_PREPARER","RISK_REPORTING","[""balance_data"", ""fx_rate""]","[{""join_type"": ""inner"", ""left_keys"": [""currency""], ""left_table"": ""balance_data"", ""right_keys"": [""from_currency""], ""right_table"": ""fx_rate""}]","{""balance_data"": {""product_level_1"": {""eq"": ""Assets""}, ""product_level_2"": {""eq"": ""Loans and Advances""}, ""product_level_3"": {""eq"": ""Services""}, ""product_level_4"": {""eq"": ""Trade""}, ""product_level_5"": {""eq"": ""Retail Trade""}}}","{""balance_data"": {""total_value"": {""alias"": ""total_value"", ""expression"": ""SUM(balance_data.amount * fx_rate.fx_rate)""}}}",NULL,NULL,NULL,NULL,NULL,NULL,False,NULL,NULL,NULL,NULL
"MPD02_SHP_011","Shipping","Report MPD02: classify and report the line item 'Shipping' using the specified Product Level hierarchy in BALANCE_DATA. Apply the stated condition to identify the eligible records and convert the source amount to the entity reporting currency using the applicable FX rate for the reporting date.","REPORT_PREPARER","RISK_REPORTING","[""balance_data"", ""fx_rate""]","[{""join_type"": ""inner"", ""left_keys"": [""currency""], ""left_table"": ""balance_data"", ""right_keys"": [""from_currency""], ""right_table"": ""fx_rate""}]","{""balance_data"": {""product_level_1"": {""eq"": ""Assets""}, ""product_level_2"": {""eq"": ""Loans and Advances""}, ""product_level_3"": {""eq"": ""Services""}, ""product_level_4"": {""eq"": ""Shipping""}}}","{""balance_data"": {""total_value"": {""alias"": ""total_value"", ""expression"": ""SUM(balance_data.amount * fx_rate.fx_rate)""}}}",NULL,NULL,NULL,NULL,NULL,NULL,False,NULL,NULL,NULL,NULL
"MPD02_SHR_029","Advances to Individuals against shares, bonds, etc.","Report MPD02: classify and report the line item 'Advances to Individuals against shares, bonds, etc.' using the specified Product Level hierarchy in BALANCE_DATA. Apply the stated condition to identify the eligible records and convert the source amount to the entity reporting currency using the applicable FX rate for the reporting date.","REPORT_PREPARER","RISK_REPORTING","[""balance_data"", ""fx_rate""]","[{""join_type"": ""inner"", ""left_keys"": [""currency""], ""left_table"": ""balance_data"", ""right_keys"": [""from_currency""], ""right_table"": ""fx_rate""}]","{""balance_data"": {""product_level_1"": {""eq"": ""Assets""}, ""product_level_2"": {""eq"": ""Loans and Advances""}, ""product_level_3"": {""eq"": ""Personal Loans""}, ""product_level_4"": {""eq"": ""Advances to Individuals against shares, bonds, etc.""}}}","{""balance_data"": {""total_value"": {""alias"": ""total_value"", ""expression"": ""SUM(balance_data.amount * fx_rate.fx_rate)""}}}",NULL,NULL,NULL,NULL,NULL,NULL,False,NULL,NULL,NULL,NULL
"MPD02_SID_105","SIDBI Deposit","Report MPD02: classify and report the line item 'SIDBI Deposit' using the specified Product Level hierarchy in BALANCE_DATA. Apply the stated condition to identify the eligible records and convert the source amount to the entity reporting currency using the applicable FX rate for the reporting date.","REPORT_PREPARER","RISK_REPORTING","[""balance_data"", ""fx_rate""]","[{""join_type"": ""inner"", ""left_keys"": [""currency""], ""left_table"": ""balance_data"", ""right_keys"": [""from_currency""], ""right_table"": ""fx_rate""}]","{""balance_data"": {""product_level_1"": {""eq"": ""Assets""}, ""product_level_2"": {""eq"": ""Investments""}, ""product_level_3"": {""eq"": ""Priority Sector""}, ""product_level_4"": {""eq"": ""SIDBI Deposit""}}}","{""balance_data"": {""total_value"": {""alias"": ""total_value"", ""expression"": ""SUM(balance_data.amount * fx_rate.fx_rate)""}}}",NULL,NULL,NULL,NULL,NULL,NULL,False,NULL,NULL,NULL,NULL
"MPD02_SOP_080","State-owned Power Utilities","Report MPD02: classify and report the line item 'State-owned Power Utilities' using the specified Product Level hierarchy in BALANCE_DATA. Apply the stated condition to identify the eligible records and convert the source amount to the entity reporting currency using the applicable FX rate for the reporting date.","REPORT_PREPARER","RISK_REPORTING","[""balance_data"", ""fx_rate""]","[{""join_type"": ""inner"", ""left_keys"": [""currency""], ""left_table"": ""balance_data"", ""right_keys"": [""from_currency""], ""right_table"": ""fx_rate""}]","{""balance_data"": {""product_level_1"": {""eq"": ""Assets""}, ""product_level_2"": {""eq"": ""Loans and Advances""}, ""product_level_3"": {""eq"": ""Industry""}, ""product_level_4"": {""eq"": ""Infrastructure""}, ""product_level_5"": {""eq"": ""Power""}, ""product_level_6"": {""eq"": ""State-owned Power Utilities""}}}","{""balance_data"": {""total_value"": {""alias"": ""total_value"", ""expression"": ""SUM(balance_data.amount * fx_rate.fx_rate)""}}}",NULL,NULL,NULL,NULL,NULL,NULL,False,NULL,NULL,NULL,NULL
"MPD02_SSI_100","Social Infrastructure","Report MPD02: classify and report the line item 'Social Infrastructure' using the specified Product Level hierarchy in BALANCE_DATA. Apply the stated condition to identify the eligible records and convert the source amount to the entity reporting currency using the applicable FX rate for the reporting date.","REPORT_PREPARER","RISK_REPORTING","[""balance_data"", ""fx_rate""]","[{""join_type"": ""inner"", ""left_keys"": [""currency""], ""left_table"": ""balance_data"", ""right_keys"": [""from_currency""], ""right_table"": ""fx_rate""}]","{""balance_data"": {""product_level_1"": {""eq"": ""Assets""}, ""product_level_2"": {""eq"": ""Loans and Advances""}, ""product_level_3"": {""eq"": ""Priority Sector""}, ""product_level_4"": {""eq"": ""Social Infrastructure""}}}","{""balance_data"": {""total_value"": {""alias"": ""total_value"", ""expression"": ""SUM(balance_data.amount * fx_rate.fx_rate)""}}}",NULL,NULL,NULL,NULL,NULL,NULL,False,NULL,NULL,NULL,NULL
"MPD02_SUG_052","Sugar","Report MPD02: classify and report the line item 'Sugar' using the specified Product Level hierarchy in BALANCE_DATA. Apply the stated condition to identify the eligible records and convert the source amount to the entity reporting currency using the applicable FX rate for the reporting date.","REPORT_PREPARER","RISK_REPORTING","[""balance_data"", ""fx_rate""]","[{""join_type"": ""inner"", ""left_keys"": [""currency""], ""left_table"": ""balance_data"", ""right_keys"": [""from_currency""], ""right_table"": ""fx_rate""}]","{""balance_data"": {""product_level_1"": {""eq"": ""Assets""}, ""product_level_2"": {""eq"": ""Loans and Advances""}, ""product_level_3"": {""eq"": ""Industry""}, ""product_level_4"": {""eq"": ""Food Processing""}, ""product_level_5"": {""eq"": ""Sugar""}}}","{""balance_data"": {""total_value"": {""alias"": ""total_value"", ""expression"": ""SUM(balance_data.amount * fx_rate.fx_rate)""}}}",NULL,NULL,NULL,NULL,NULL,NULL,False,NULL,NULL,NULL,NULL
"MPD02_TEA_054","Tea","Report MPD02: classify and report the line item 'Tea' using the specified Product Level hierarchy in BALANCE_DATA. Apply the stated condition to identify the eligible records and convert the source amount to the entity reporting currency using the applicable FX rate for the reporting date.","REPORT_PREPARER","RISK_REPORTING","[""balance_data"", ""fx_rate""]","[{""join_type"": ""inner"", ""left_keys"": [""currency""], ""left_table"": ""balance_data"", ""right_keys"": [""from_currency""], ""right_table"": ""fx_rate""}]","{""balance_data"": {""product_level_1"": {""eq"": ""Assets""}, ""product_level_2"": {""eq"": ""Loans and Advances""}, ""product_level_3"": {""eq"": ""Industry""}, ""product_level_4"": {""eq"": ""Food Processing""}, ""product_level_5"": {""eq"": ""Tea""}}}","{""balance_data"": {""total_value"": {""alias"": ""total_value"", ""expression"": ""SUM(balance_data.amount * fx_rate.fx_rate)""}}}",NULL,NULL,NULL,NULL,NULL,NULL,False,NULL,NULL,NULL,NULL
"MPD02_TEL_081","Telecommunications","Report MPD02: classify and report the line item 'Telecommunications' using the specified Product Level hierarchy in BALANCE_DATA. Apply the stated condition to identify the eligible records and convert the source amount to the entity reporting currency using the applicable FX rate for the reporting date.","REPORT_PREPARER","RISK_REPORTING","[""balance_data"", ""fx_rate""]","[{""join_type"": ""inner"", ""left_keys"": [""currency""], ""left_table"": ""balance_data"", ""right_keys"": [""from_currency""], ""right_table"": ""fx_rate""}]","{""balance_data"": {""product_level_1"": {""eq"": ""Assets""}, ""product_level_2"": {""eq"": ""Loans and Advances""}, ""product_level_3"": {""eq"": ""Industry""}, ""product_level_4"": {""eq"": ""Infrastructure""}, ""product_level_5"": {""eq"": ""Telecommunications""}}}","{""balance_data"": {""total_value"": {""alias"": ""total_value"", ""expression"": ""SUM(balance_data.amount * fx_rate.fx_rate)""}}}",NULL,NULL,NULL,NULL,NULL,NULL,False,NULL,NULL,NULL,NULL
"MPD02_THR_010","Tourism, Hotels and Restaurants","Report MPD02: classify and report the line item 'Tourism, Hotels and Restaurants' using the specified Product Level hierarchy in BALANCE_DATA. Apply the stated condition to identify the eligible records and convert the source amount to the entity reporting currency using the applicable FX rate for the reporting date.","REPORT_PREPARER","RISK_REPORTING","[""balance_data"", ""fx_rate""]","[{""join_type"": ""inner"", ""left_keys"": [""currency""], ""left_table"": ""balance_data"", ""right_keys"": [""from_currency""], ""right_table"": ""fx_rate""}]","{""balance_data"": {""product_level_1"": {""eq"": ""Assets""}, ""product_level_2"": {""eq"": ""Loans and Advances""}, ""product_level_3"": {""eq"": ""Services""}, ""product_level_4"": {""eq"": ""Tourism, Hotels and Restaurants""}}}","{""balance_data"": {""total_value"": {""alias"": ""total_value"", ""expression"": ""SUM(balance_data.amount * fx_rate.fx_rate)""}}}",NULL,NULL,NULL,NULL,NULL,NULL,False,NULL,NULL,NULL,NULL
"MPD02_TO_008","Transport Operators","Report MPD02: classify and report the line item 'Transport Operators' using the specified Product Level hierarchy in BALANCE_DATA. Apply the stated condition to identify the eligible records and convert the source amount to the entity reporting currency using the applicable FX rate for the reporting date.","REPORT_PREPARER","RISK_REPORTING","[""balance_data"", ""fx_rate""]","[{""join_type"": ""inner"", ""left_keys"": [""currency""], ""left_table"": ""balance_data"", ""right_keys"": [""from_currency""], ""right_table"": ""fx_rate""}]","{""balance_data"": {""product_level_1"": {""eq"": ""Assets""}, ""product_level_2"": {""eq"": ""Loans and Advances""}, ""product_level_3"": {""eq"": ""Services""}, ""product_level_4"": {""eq"": ""Transport Operators""}}}","{""balance_data"": {""total_value"": {""alias"": ""total_value"", ""expression"": ""SUM(balance_data.amount * fx_rate.fx_rate)""}}}",NULL,NULL,NULL,NULL,NULL,NULL,False,NULL,NULL,NULL,NULL
"MPD02_VEH_032","Vehicle Loans","Report MPD02: classify and report the line item 'Vehicle Loans' using the specified Product Level hierarchy in BALANCE_DATA. Apply the stated condition to identify the eligible records and convert the source amount to the entity reporting currency using the applicable FX rate for the reporting date.","REPORT_PREPARER","RISK_REPORTING","[""balance_data"", ""fx_rate""]","[{""join_type"": ""inner"", ""left_keys"": [""currency""], ""left_table"": ""balance_data"", ""right_keys"": [""from_currency""], ""right_table"": ""fx_rate""}]","{""balance_data"": {""product_level_1"": {""eq"": ""Assets""}, ""product_level_2"": {""eq"": ""Loans and Advances""}, ""product_level_3"": {""eq"": ""Personal Loans""}, ""product_level_4"": {""eq"": ""Vehicle Loans""}}}","{""balance_data"": {""total_value"": {""alias"": ""total_value"", ""expression"": ""SUM(balance_data.amount * fx_rate.fx_rate)""}}}",NULL,NULL,NULL,NULL,NULL,NULL,False,NULL,NULL,NULL,NULL
"MPD02_VTP_076","Vehicles, Vehicle Parts and Transport Equipment","Report MPD02: classify and report the line item 'Vehicles, Vehicle Parts and Transport Equipment' using the specified Product Level hierarchy in BALANCE_DATA. Apply the stated condition to identify the eligible records and convert the source amount to the entity reporting currency using the applicable FX rate for the reporting date.","REPORT_PREPARER","RISK_REPORTING","[""balance_data"", ""fx_rate""]","[{""join_type"": ""inner"", ""left_keys"": [""currency""], ""left_table"": ""balance_data"", ""right_keys"": [""from_currency""], ""right_table"": ""fx_rate""}]","{""balance_data"": {""product_level_1"": {""eq"": ""Assets""}, ""product_level_2"": {""eq"": ""Loans and Advances""}, ""product_level_3"": {""eq"": ""Industry""}, ""product_level_4"": {""eq"": ""Vehicles, Vehicle Parts and Transport Equipment""}}}","{""balance_data"": {""total_value"": {""alias"": ""total_value"", ""expression"": ""SUM(balance_data.amount * fx_rate.fx_rate)""}}}",NULL,NULL,NULL,NULL,NULL,NULL,False,NULL,NULL,NULL,NULL
"MPD02_WHT_014","Wholesale Trade (other than food procurement)","Report MPD02: classify and report the line item 'Wholesale Trade (other than food procurement)' using the specified Product Level hierarchy in BALANCE_DATA. Apply the stated condition to identify the eligible records and convert the source amount to the entity reporting currency using the applicable FX rate for the reporting date.","REPORT_PREPARER","RISK_REPORTING","[""balance_data"", ""fx_rate""]","[{""join_type"": ""inner"", ""left_keys"": [""currency""], ""left_table"": ""balance_data"", ""right_keys"": [""from_currency""], ""right_table"": ""fx_rate""}]","{""balance_data"": {""product_level_1"": {""eq"": ""Assets""}, ""product_level_2"": {""eq"": ""Loans and Advances""}, ""product_level_3"": {""eq"": ""Services""}, ""product_level_4"": {""eq"": ""Trade""}, ""product_level_5"": {""eq"": ""Wholesale Trade (other than food procurement)""}}}","{""balance_data"": {""total_value"": {""alias"": ""total_value"", ""expression"": ""SUM(balance_data.amount * fx_rate.fx_rate)""}}}",NULL,NULL,NULL,NULL,NULL,NULL,False,NULL,NULL,NULL,NULL
"MPD02_WOD_062","Wood","Report MPD02: classify and report the line item 'Wood' using the specified Product Level hierarchy in BALANCE_DATA. Apply the stated condition to identify the eligible records and convert the source amount to the entity reporting currency using the applicable FX rate for the reporting date.","REPORT_PREPARER","RISK_REPORTING","[""balance_data"", ""fx_rate""]","[{""join_type"": ""inner"", ""left_keys"": [""currency""], ""left_table"": ""balance_data"", ""right_keys"": [""from_currency""], ""right_table"": ""fx_rate""}]","{""balance_data"": {""product_level_1"": {""eq"": ""Assets""}, ""product_level_2"": {""eq"": ""Loans and Advances""}, ""product_level_3"": {""eq"": ""Industry""}, ""product_level_4"": {""eq"": ""Wood""}}}","{""balance_data"": {""total_value"": {""alias"": ""total_value"", ""expression"": ""SUM(balance_data.amount * fx_rate.fx_rate)""}}}",NULL,NULL,NULL,NULL,NULL,NULL,False,NULL,NULL,NULL,NULL
"MPD02_WS_104","Weaker Sections including net PSLC-SF/MF","Report MPD02: classify and report the line item 'Weaker Sections including net PSLC-SF/MF' using the specified Product Level hierarchy in BALANCE_DATA. Apply the stated condition to identify the eligible records and convert the source amount to the entity reporting currency using the applicable FX rate for the reporting date.","REPORT_PREPARER","RISK_REPORTING","[""balance_data"", ""fx_rate""]","[{""join_type"": ""inner"", ""left_keys"": [""currency""], ""left_table"": ""balance_data"", ""right_keys"": [""from_currency""], ""right_table"": ""fx_rate""}]","{""balance_data"": {""product_level_1"": {""eq"": ""Assets""}, ""product_level_2"": {""eq"": ""Loans and Advances""}, ""product_level_3"": {""eq"": ""Priority Sector""}, ""product_level_4"": {""eq"": ""Weaker Sections including net PSLC-SF/MF""}}}","{""balance_data"": {""total_value"": {""alias"": ""total_value"", ""expression"": ""SUM(balance_data.amount * fx_rate.fx_rate)""}}}",NULL,NULL,NULL,NULL,NULL,NULL,False,NULL,NULL,NULL,NULL
"REG_ALL_RULES","All Rules for Reg Reporting","","REPORT_PREPARER","RISK_REPORTING","[""rule_definitions""]",NULL,"{""rule_definitions"": {""portfolio"": {""eq"": ""RISK_REPORTING""}}}","{""rule_definitions"": {""all_rules"": {""alias"": ""all_rules"", ""expression"": ""DISTINCT(portfolio)""}}}",NULL,NULL,NULL,NULL,NULL,NULL,NULL,NULL,NULL,NULL,NULL
"rule_101_sub","Risk Profile - High risk customers (latest assessment)","Customers whose most recent risk assessment shows High category","Senior Compliance Officer","Compliance","[""customer_master"", ""customer_risk_profile""]","[{""join_type"": ""inner"", ""left_keys"": [""customer_id""], ""left_table"": ""customer_master"", ""right_keys"": [""customer_id""], ""right_table"": ""customer_risk_profile""}, {""join_type"": ""inner"", ""left_keys"": [""customer_id"", ""assessment_date""], ""left_table"": ""customer_risk_profile"", ""right_keys"": [""customer_id"", ""max_assessment_date""], ""right_subquery"": {""alias"": ""latest"", ""aggregations"": {""customer_risk_profile"": {""assessment_date"": {""alias"": ""max_assessment_date"", ""function"": ""MAX""}}}, ""select_columns"": {""customer_risk_profile"": {""customer_id"": ""customer_id""}}, ""tables_to_join"": [""customer_risk_profile""], ""groupby_columns"": {""customer_risk_profile"": [""customer_id""]}}}]","{""customer_risk_profile"": {""risk_category"": {""eq"": ""High""}}}","{""customer_master"": {""status"": ""status"", ""customer_id"": ""customer_id"", ""customer_name"": ""customer_name""}, ""customer_risk_profile"": {""risk_category"": ""risk_category""}}","{}","{}","{}","[]","{""customer_master"": {""customer_id"": ""asc""}}",NULL,False,"Enhanced Due Diligence (EDD) Coverage Tracking",NULL,"Banking","Corportate Institution Banking"
"rule_102_sub","PEP Relationships or Politically Exposed","Customers with 'Politic' in new_risk_reason OR having PEP relationship (latest assessment)","PEP & Sanctions Specialist","Compliance","[""customer_master"", ""customer_risk_profile"", ""pep_relationships""]","[{""join_type"": ""inner"", ""left_keys"": [""customer_id""], ""left_table"": ""customer_master"", ""right_keys"": [""customer_id""], ""right_table"": ""customer_risk_profile""}, {""join_type"": ""inner"", ""left_keys"": [""customer_id"", ""assessment_date""], ""left_table"": ""customer_risk_profile"", ""right_keys"": [""customer_id"", ""max_assessment_date""], ""right_subquery"": {""alias"": ""latest"", ""aggregations"": {""customer_risk_profile"": {""assessment_date"": {""alias"": ""max_assessment_date"", ""function"": ""MAX""}}}, ""select_columns"": {""customer_risk_profile"": {""customer_id"": ""customer_id""}}, ""tables_to_join"": [""customer_risk_profile""], ""groupby_columns"": {""customer_risk_profile"": [""customer_id""]}}}, {""join_type"": ""left"", ""left_keys"": [""customer_id""], ""left_table"": ""customer_master"", ""right_keys"": [""customer_id""], ""right_table"": ""pep_relationships""}]","{}","{""customer_master"": {""customer_id"": ""customer_id"", ""customer_name"": ""customer_name""}, ""customer_risk_profile"": {""new_risk_reason"": ""new_risk_reason""}}","{}","{}","{}","[]","{""customer_master"": {""customer_id"": ""asc""}}",NULL,True,"Customer Political Exposure Report",NULL,"Banking","Corportate Institution Banking"
"rule_103_sub","Customer Eligibility / Constitution Report","Lists customers where customer_type_valid is 'No' or 'NA'","Risk & Control Officer","Compliance","[""customer_master""]","[]","{""customer_type_valid"": {""in"": [""No"", ""NA""]}}","{""customer_master"": {""customer_id"": ""customer_id"", ""customer_name"": ""customer_name"", ""compliance_flag"": ""compliance_flag"", ""customer_type_valid"": ""customer_type_valid""}}","{}","{}","{}","[]","{""customer_master"": {""customer_id"": ""asc""}}",NULL,True,"Constitution Risk Concentration Analysis",NULL,"Banking","Corportate Institution Banking"
"rule_200","Customer KYC Report","Per customer: show KYC completion status, the max days_overdue and list all KYC documents status.","KYC Officer","Compliance","[""customer_master"", ""kyc_document""]","[{""join_type"": ""left"", ""left_keys"": [""customer_id""], ""left_table"": ""customer_master"", ""right_keys"": [""customer_id_sk""], ""right_table"": ""kyc_document""}]","{}","{""kyc_document"": {""expiry_flag"": {""alias"": ""expiry_flag"", ""expression"": ""kyc_document.expiry_flag""}, ""document_type"": {""alias"": ""document_type"", ""expression"": ""kyc_document.document_type""}, ""document_id_sk"": {""alias"": ""document_id"", ""expression"": ""kyc_document.document_id_sk""}, ""document_status"": {""alias"": ""document_status"", ""expression"": ""kyc_document.document_status""}}, ""customer_master"": {""kyc_id"": {""alias"": ""kyc_id"", ""expression"": ""(SELECT MAX(ks2.kyc_id_sk) FROM kyc_status ks2 WHERE ks2.customer_id_sk = customer_master.customer_id AND ks2.days_overdue = (SELECT MAX(ks3.days_overdue) FROM kyc_status ks3 WHERE ks3.customer_id_sk = customer_master.customer_id AND ks3.days_overdue >= 0))""}, ""customer_id"": ""customer_id"", ""days_overdue"": {""alias"": ""days_overdue"", ""expression"": ""COALESCE((SELECT MAX(ks.days_overdue) FROM kyc_status ks WHERE ks.customer_id_sk = customer_master.customer_id AND ks.days_overdue >= 0), 0)""}, ""customer_name"": ""customer_name"", ""kyc_completion_status"": {""alias"": ""kyc_completion_status"", ""expression"": ""CASE WHEN (SELECT MIN(CASE WHEN ks.kyc_completed_flag = 'TRUE' THEN 1 ELSE 0 END) FROM kyc_status ks WHERE ks.customer_id_sk = customer_master.customer_id) = 1 THEN 'Completed' ELSE 'Pending' END""}}}","{}","{}","{}","[]","{""kyc_document"": {""document_id_sk"": ""asc""}, ""customer_master"": {""customer_id"": ""asc""}}",NULL,False,"KYC Compliance Status","wkQOQWgn5vG","Banking","Corportate Institution Banking"
"rule_201_sub","Customer KYC Completion Status","Determines whether customer KYC is fully completed.","KYC Officer","Compliance","[""customer_master"", ""kyc_status"", ""kyc_document""]","[{""join_type"": ""left"", ""left_keys"": [""customer_id""], ""left_table"": ""customer_master"", ""right_keys"": [""customer_id_sk""], ""right_table"": ""kyc_status""}, {""join_type"": ""left"", ""left_keys"": [""customer_id""], ""left_table"": ""customer_master"", ""right_keys"": [""customer_id_sk""], ""right_table"": ""kyc_document""}]","{}","{""customer_master"": {""customer_id"": ""customer_id"", ""customer_name"": ""customer_name""}}","{}","{""kyc_status"": [{""case"": {""else"": 0, ""then"": 1, ""when"": {""value"": ""TRUE"", ""operator"": ""eq""}}, ""alias"": ""kyc_completion_status"", ""column"": ""kyc_completed_flag"", ""aggregate"": ""MIN"", ""true_result"": ""'Completed'"", ""false_result"": ""'Pending'"", ""final_compare"": {""value"": 1, ""operator"": ""eq""}}]}","{""customer_master"": [""customer_id"", ""customer_name""]}","{}","{""customer_master"": {""customer_id"": ""asc""}}",NULL,False,"KYC & Customer Due Diligence Reports",NULL,"Banking","Corportate Institution Banking"
"rule_202_sub","Customers with Missing or Expired KYC Documents","Identifies customers who either have no KYC documents or have at least one expired document based on expiry_flag.","KYC Officer","Compliance","[""customer_master"", ""kyc_document""]","[{""join_type"": ""left"", ""left_keys"": [""customer_id""], ""left_table"": ""customer_master"", ""right_keys"": [""customer_id_sk""], ""right_table"": ""kyc_document""}]","{}","{""kyc_document"": {""document_type"": ""document_type"", ""document_status"": ""document_status""}, ""customer_master"": {""customer_id"": ""customer_id"", ""customer_name"": ""customer_name""}}","{}","{}","{""kyc_document"": [""document_type"", ""document_status""], ""customer_master"": [""customer_id"", ""customer_name""]}","[{""value"": 0, ""logical"": null, ""operator"": ""="", ""expression"": ""COUNT(kyc_document.document_id_sk)""}, {""value"": 1, ""logical"": ""OR"", ""operator"": ""="", ""expression"": ""MAX(CASE WHEN kyc_document.expiry_flag = true THEN 1 ELSE 0 END)""}]","{""customer_master"": {""customer_id"": ""asc""}}",NULL,False,"KYC & Customer Due Diligence Reports",NULL,"Banking","Corportate Institution Banking"
"rule_203_sub","Customers whose KYC review is due or overdue","Track customers where KYC review_date is overdue","KYC Officer","Compliance","[""customer_master"", ""kyc_status"", ""kyc""]","[{""join_type"": ""inner"", ""left_keys"": [""customer_id""], ""left_table"": ""customer_master"", ""right_keys"": [""customer_id_sk""], ""right_table"": ""kyc_status""}, {""join_type"": ""inner"", ""left_keys"": [""kyc_id_sk""], ""left_table"": ""kyc_status"", ""right_keys"": [""kyc_id_sk""], ""right_table"": ""kyc""}]","{""kyc_status"": {""days_overdue"": {""gt"": 0}}}","{""kyc"": {""next_review_due"": {""alias"": ""next_review_due"", ""expression"": ""to_char(kyc.next_review_due AT TIME ZONE 'Asia/Kolkata', 'YYYY-MM-DD')""}}, ""kyc_status"": {""days_overdue"": ""days_overdue""}, ""customer_master"": {""customer_id"": ""customer_id"", ""customer_name"": ""customer_name""}}","{}","{}","{}","[]","{""customer_master"": {""customer_id"": ""asc""}}",NULL,True,"KYC & Customer Due Diligence Reports",NULL,"Banking","Corportate Institution Banking"
"rule_300","Customer Eligibility & Legal Structure Report","Lists all customers with their UBO (Ultimate Beneficial Owner) information ownership percentage is limited and comes under Low Risk Compliant Customer","Senior Compliance Officer","Compliance","[""customer_master"", ""customer_ubo""]","[{""join_type"": ""left"", ""left_keys"": [""customer_id""], ""left_table"": ""customer_master"", ""right_keys"": [""customer_id""], ""right_table"": ""customer_ubo""}]","{""customer_ubo"": {""ownership_percentage"": {""lt"": 40}}, ""customer_master"": {""customer_type_valid"": {""in"": [""Yes""]}}}","{""customer_ubo"": {""country"": ""country"", ""ubo_name"": ""ubo_name"", ""risk_category"": ""risk_category"", ""ownership_percentage"": ""ownership_percentage""}, ""customer_master"": {""customer_id"": ""customer_id"", ""customer_name"": ""customer_name"", ""compliance_flag"": ""compliance_flag"", ""customer_type_valid"": ""customer_type_valid""}}","{}","{}","{}","{}","{""customer_ubo"": {""ownership_percentage"": ""desc""}, ""customer_master"": {""customer_id"": ""asc""}}",NULL,True,"Is this customer legally acceptable to bank",NULL,"Banking","Corportate Institution Banking"
"rule_301_sub","Geography Risk Flag based on High Risk Customer Count","Groups customers by country, counts total and high-risk customers, and flags geographies with 5 or more high-risk customers as High Risk Geography.","Risk Manager","Compliance","[""customer_master"", ""customer_risk_profile""]","[{""join_type"": ""left"", ""left_keys"": [""customer_id""], ""left_table"": ""customer_master"", ""right_keys"": [""customer_id""], ""right_table"": ""customer_risk_profile""}]","{}","{""customer_master"": {""country_code"": ""country_code""}}","{""customer_master"": {""customer_id"": {""alias"": ""total_customers"", ""function"": ""COUNT""}}}","{""customer_risk_profile"": [{""case"": {""else"": null, ""then"": 1, ""when"": {""value"": ""High"", ""operator"": ""eq""}}, ""alias"": ""high_risk_customers"", ""table"": ""customer_risk_profile"", ""column"": ""risk_category"", ""aggregate"": ""COUNT""}, {""case"": {""else"": null, ""then"": 1, ""when"": {""value"": ""High"", ""operator"": ""eq""}}, ""alias"": ""geography_risk_flag"", ""table"": ""customer_risk_profile"", ""column"": ""risk_category"", ""aggregate"": ""COUNT"", ""true_result"": ""High Risk Geography"", ""false_result"": ""Normal"", ""final_compare"": {""value"": 5, ""operator"": ""ge""}}]}","{""customer_master"": [""country_code""]}","[]","{""_alias"": {""high_risk_customers"": ""desc""}}",NULL,False,"High-Risk Jurisdiction Concentration",NULL,"Banking","Corportate Institution Banking"
"rule_302_sub","Customer UBO relationship details","Lists all customers with their UBO (Ultimate Beneficial Owner) information including ownership percentage and risk category","KYC Analyst","Compliance","[""customer_master"", ""customer_ubo""]","[{""join_type"": ""left"", ""left_keys"": [""customer_id""], ""left_table"": ""customer_master"", ""right_keys"": [""customer_id""], ""right_table"": ""customer_ubo""}]","{}","{""customer_ubo"": {""country"": ""country"", ""ubo_name"": ""ubo_name"", ""risk_category"": ""risk_category"", ""ownership_percentage"": ""ownership_percentage""}, ""customer_master"": {""customer_id"": ""customer_id"", ""customer_name"": ""customer_name""}}","{}","{}","{}","[]","{""customer_ubo"": {""ownership_percentage"": ""desc""}, ""customer_master"": {""customer_id"": ""asc""}}",NULL,False,"Transparency & Control Check",NULL,"Banking","Corportate Institution Banking"
"rule_400","Probability of Default unified borrower dataset","Generates a unified PD dataset for both corporate and retail borrowers with borrower attributes, facility features, corporate financial ratios, retail credit behavior, macroeconomic context, and 12-month default flag.","Credit Risk Officer","Credit & Lending","[""borrower_master_401"", ""loan_facility_401"", ""corp_financials_401"", ""retail_credit_history_401"", ""macro_econ_401""]","[{""join_type"": ""inner"", ""left_keys"": [""borrower_id""], ""left_table"": ""borrower_master_401"", ""right_keys"": [""borrower_id""], ""right_table"": ""loan_facility_401""}, {""join_type"": ""left"", ""left_keys"": [""borrower_id""], ""left_table"": ""borrower_master_401"", ""right_keys"": [""borrower_id""], ""right_table"": ""corp_financials_401""}, {""join_type"": ""left"", ""left_keys"": [""borrower_id""], ""left_table"": ""borrower_master_401"", ""right_keys"": [""borrower_id""], ""right_table"": ""retail_credit_history_401""}, {""join_type"": ""left"", ""left_keys"": [""region_code""], ""left_table"": ""borrower_master_401"", ""right_keys"": [""region_code""], ""right_table"": ""macro_econ_401""}]","{""borrower_master_401"": {""status"": {""eq"": ""ACTIVE""}}}","{""derived"": {""as_of_date"": {""alias"": ""as_of_date"", ""expression"": ""DATE '2025-03-31'""}, ""default_flag_12m"": {""alias"": ""default_flag_12m"", ""expression"": ""CASE WHEN EXISTS (SELECT 1 FROM credit_event_401 ce WHERE ce.borrower_id = borrower_master_401.borrower_id AND ce.default_flag = TRUE AND ce.event_date > DATE '2025-03-31' AND ce.event_date <= DATE '2025-03-31' + INTERVAL '12 months') THEN 1 ELSE 0 END""}}, ""macro_econ_401"": {""fx_change_pct"": ""macro_fx_change_pct"", ""gdp_growth_pct"": ""macro_gdp_growth_pct"", ""commodity_index"": ""macro_commodity_index"", ""policy_rate_pct"": ""macro_policy_rate_pct"", ""inflation_rate_pct"": ""macro_inflation_rate_pct"", ""unemployment_rate_pct"": ""macro_unemployment_rate_pct""}, ""loan_facility_401"": {""facility_id"": ""facility_id"", ""product_type"": ""product_type"", ""secured_flag"": ""secured_flag"", ""utilization_pct"": ""facility_utilization_pct"", ""restructure_flag"": ""facility_restructure_flag"", ""outstanding_amount"": ""facility_outstanding_amount"", ""covenant_breach_flag"": ""facility_covenant_breach_flag""}, ""borrower_master_401"": {""borrower_id"": ""borrower_id"", ""region_code"": ""region_code"", ""credit_score"": ""borrower_credit_score"", ""borrower_name"": ""borrower_name"", ""borrower_type"": ""borrower_type"", ""industry_sector"": ""industry_sector"", ""internal_rating"": ""internal_rating""}, ""corp_financials_401"": {""ebitda"": ""corp_ebitda"", ""equity"": ""corp_equity"", ""revenue"": ""corp_revenue"", ""total_debt"": ""corp_total_debt"", ""quick_ratio"": {""alias"": ""corp_quick_ratio"", ""expression"": ""CASE WHEN corp_financials_401.current_liabilities IS NOT NULL AND corp_financials_401.current_liabilities <> 0 THEN corp_financials_401.quick_assets / corp_financials_401.current_liabilities ELSE NULL END""}, ""total_assets"": ""corp_total_assets"", ""current_ratio"": {""alias"": ""current_ratio"", ""expression"": ""CASE WHEN corp_financials_401.current_liabilities IS NOT NULL AND corp_financials_401.current_liabilities <> 0 THEN corp_financials_401.current_assets / corp_financials_401.current_liabilities ELSE NULL END""}, ""debt_to_ebitda"": {""alias"": ""corp_debt_to_ebitda"", ""expression"": ""CASE WHEN corp_financials_401.ebitda IS NOT NULL AND corp_financials_401.ebitda <> 0 THEN corp_financials_401.total_debt / corp_financials_401.ebitda ELSE NULL END""}, ""free_cash_flow"": ""corp_free_cash_flow"", ""interest_expense"": ""corp_interest_expense"", ""operating_profit"": ""corp_operating_profit"", ""total_liabilities"": ""corp_total_liabilities"", ""operating_cash_flow"": ""corp_operating_cash_flow"", ""interest_coverage_ratio"": {""alias"": ""corp_interest_coverage_ratio"", ""expression"": ""CASE WHEN corp_financials_401.interest_expense IS NOT NULL AND corp_financials_401.interest_expense <> 0 THEN corp_financials_401.operating_profit / corp_financials_401.interest_expense ELSE NULL END""}}, ""retail_credit_history_401"": {""bureau_score"": ""retail_bureau_score"", ""enquiries_6m"": ""retail_enquiries_6m"", ""utilization_pct"": ""retail_utilization_pct"", ""dpd_30_count_12m"": ""retail_dpd_30_count_12m"", ""dpd_60_count_12m"": ""retail_dpd_60_count_12m"", ""dpd_90_count_12m"": ""retail_dpd_90_count_12m"", ""open_trade_count"": ""retail_retail_open_trade_count"", ""credit_card_limit"": ""retail_credit_card_limit"", ""credit_card_balance"": ""retail_credit_card_balance"", ""missed_payment_count_12m"": ""retail_missed_payment_count_12m""}}","{}","{}","{}","[]","{""loan_facility_401"": {""facility_id"": ""asc""}, ""borrower_master_401"": {""borrower_id"": ""asc""}}",NULL,False,"Probability of default (PD)",NULL,"Banking","Corportate Institution Banking"
"rule_500","Wholesale Banking LGD Calculation","Calculate recoverable collateral, estimated recovery, base LGD percentage and final LGD percentage using collateral values, haircuts, guarantees, macroeconomic stress adjustments and regulatory thresholds.","Credit Risk Officer","Credit & Lending","[""CREDIT_LENDING_LGD""]","[]","{}","{""CREDIT_LENDING_LGD"": {""region"": ""Region"", ""ead_usd"": ""EAD_USD"", ""industry"": ""Industry"", ""seniority"": ""Seniority"", ""exposure_id"": ""Exposure_ID"", ""haircut_pct"": ""Haircut_Pct"", ""base_lgd_pct"": {""alias"": ""base_lgd_pct"", ""expression"": ""ROUND(((EAD_USD - ((((Collateral_Market_Value * (1 - (Haircut_Pct / 100.0))) + Guarantee_Amount) * Macro_Adjustment_Factor))) / EAD_USD) * 100, 2)""}, ""final_lgd_pct"": {""alias"": ""final_lgd_pct"", ""expression"": ""CASE WHEN ROUND(((EAD_USD - ((((Collateral_Market_Value * (1 - (Haircut_Pct / 100.0))) + Guarantee_Amount) * Macro_Adjustment_Factor))) / EAD_USD) * 100, 2) < Regulatory_Floor_Pct THEN Regulatory_Floor_Pct WHEN ROUND(((EAD_USD - ((((Collateral_Market_Value * (1 - (Haircut_Pct / 100.0))) + Guarantee_Amount) * Macro_Adjustment_Factor))) / EAD_USD) * 100, 2) > Regulatory_Ceiling_Pct THEN Regulatory_Ceiling_Pct ELSE ROUND(((EAD_USD - ((((Collateral_Market_Value * (1 - (Haircut_Pct / 100.0))) + Guarantee_Amount) * Macro_Adjustment_Factor))) / EAD_USD) * 100, 2) END""}, ""lgd_risk_band"": {""alias"": ""lgd_risk_band"", ""expression"": ""CASE WHEN ROUND(((EAD_USD - ((((Collateral_Market_Value * (1 - (Haircut_Pct / 100.0))) + Guarantee_Amount) * Macro_Adjustment_Factor))) / EAD_USD) * 100, 2) <= 20 THEN 'LOW' WHEN ROUND(((EAD_USD - ((((Collateral_Market_Value * (1 - (Haircut_Pct / 100.0))) + Guarantee_Amount) * Macro_Adjustment_Factor))) / EAD_USD) * 100, 2) BETWEEN 20 AND 50 THEN 'MEDIUM' ELSE 'HIGH' END""}, ""macro_scenario"": ""Macro_Scenario"", ""collateral_type"": ""Collateral_Type"", ""borrower_segment"": ""Borrower_Segment"", ""guarantee_amount"": ""Guarantee_Amount"", ""estimated_recovery"": {""alias"": ""estimated_recovery"", ""expression"": ""((Collateral_Market_Value * (1 - (Haircut_Pct / 100.0))) + Guarantee_Amount) * Macro_Adjustment_Factor""}, ""regulatory_floor_pct"": ""Regulatory_Floor_Pct"", ""recoverable_collateral"": {""alias"": ""recoverable_collateral"", ""expression"": ""Collateral_Market_Value * (1 - (Haircut_Pct / 100.0))""}, ""regulatory_ceiling_pct"": ""Regulatory_Ceiling_Pct"", ""collateral_market_value"": ""Collateral_Market_Value"", ""macro_adjustment_factor"": ""Macro_Adjustment_Factor"", ""historical_recovery_rate"": ""Historical_Recovery_Rate""}}","{}","{}","{}","[]","{""CREDIT_LENDING_LGD"": {""Exposure_ID"": ""asc""}}",NULL,False,"Wholesale Banking LGD Computation","6yxPwg1lP4V","Banking","Corportate Institution Banking"
"rule_501","ECB Leveraged Finance Identification","Identify corporate borrowers that exhibit characteristics of highly leveraged finance in accordance with ECB Leveraged Finance Guidelines. The rule evaluates leverage ratio, profitability, debt servicing capacity and credit quality. Borrowers with high Net Debt to EBITDA, low EBITDA margins, weak debt-service coverage and non-investment-grade ratings are classified as leveraged and require enhanced monitoring and regulatory reporting.","Wholesale Banking","Credit & Lending","[""BORROWER_MASTER_501"", ""FINANCIALS_501"", ""DEBT_PROFILE_501"", ""CREDIT_RATING_501"", ""DEBT_SERVICE_501""]","[{""join_type"": ""left"", ""left_keys"": [""borrower_id""], ""left_table"": ""BORROWER_MASTER_501"", ""right_keys"": [""borrower_id""], ""right_table"": ""FINANCIALS_501""}, {""join_type"": ""left"", ""left_keys"": [""borrower_id""], ""left_table"": ""BORROWER_MASTER_501"", ""right_keys"": [""borrower_id""], ""right_table"": ""DEBT_PROFILE_501""}, {""join_type"": ""left"", ""left_keys"": [""borrower_id""], ""left_table"": ""BORROWER_MASTER_501"", ""right_keys"": [""borrower_id""], ""right_table"": ""CREDIT_RATING_501""}, {""join_type"": ""left"", ""left_keys"": [""borrower_id""], ""left_table"": ""BORROWER_MASTER_501"", ""right_keys"": [""borrower_id""], ""right_table"": ""DEBT_SERVICE_501""}]","{""CREDIT_RATING_501"": {""credit_rating"": {""in"": [""BB+"", ""BB"", ""BB-"", ""B+"", ""B"", ""B-"", ""CCC"", ""CC"", ""C"", ""D"", ""UNRATED""]}}}","{""BORROWER_MASTER_501"": {""dscr"": {""alias"": ""dscr"", ""expression"": ""(FINANCIALS_501.operating_cash_flow_mn / NULLIF(DEBT_SERVICE_501.annual_debt_service_mn,0))""}, ""borrower_id"": ""borrower_id"", ""ebitda_margin"": {""alias"": ""ebitda_margin"", ""expression"": ""(FINANCIALS_501.ebitda_mn / NULLIF(BORROWER_MASTER_501.annual_revenue_mn,0))""}, ""leverage_ratio"": {""alias"": ""leverage_ratio"", ""expression"": ""((DEBT_PROFILE_501.total_debt_mn - DEBT_PROFILE_501.cash_mn) / NULLIF(FINANCIALS_501.ebitda_mn,0))""}}}","{}","{}","{}","{}","[{""column"": ""borrower_id"", ""direction"": ""asc""}]","((DEBT_PROFILE_501.total_debt_mn - DEBT_PROFILE_501.cash_mn)
 / NULLIF(FINANCIALS_501.ebitda_mn,0)) >= 4

AND

(FINANCIALS_501.ebitda_mn
 / NULLIF(BORROWER_MASTER_501.annual_revenue_mn,0)) <= 0.10

AND

(FINANCIALS_501.operating_cash_flow_mn
 / NULLIF(DEBT_SERVICE_501.annual_debt_service_mn,0)) < 1.5",False,"ECB Leveraged Finance",NULL,"Banking","Corportate Institution Banking"
"SD_DCCB_Other_Current","Other DCCBs – Current",NULL,"REPORT_PREPARER","RISK_REPORTING","[""balance_data"", ""counterparty"", ""fx_rate""]","[{""join_type"": ""left"", ""left_keys"": [""counterparty_id""], ""left_table"": ""balance_data"", ""right_keys"": [""counterparty_id""], ""right_table"": ""counterparty""}, {""join_type"": ""left"", ""left_keys"": [""currency""], ""left_table"": ""balance_data"", ""right_keys"": [""from_currency""], ""right_table"": ""fx_rate""}]","{""balance_data"": {""product_level_1"": {""eq"": ""Deposits""}, ""product_level_3"": {""eq"": ""Current""}}, ""counterparty"": {""Sector"": {""eq"": ""Other DCCBs""}}}","{""balance_data"": {""total_value"": {""alias"": ""total_value"", ""expression"": ""SUM(balance_data.amount * fx_rate.fx_rate)""}}}",NULL,NULL,NULL,NULL,NULL,NULL,False,NULL,NULL,NULL,NULL
"SD_DCCB_Other_Otherwise","Other DCCBs – Otherwise",NULL,"REPORT_PREPARER","RISK_REPORTING","[""balance_data"", ""counterparty"", ""fx_rate""]","[{""join_type"": ""left"", ""left_keys"": [""counterparty_id""], ""left_table"": ""balance_data"", ""right_keys"": [""counterparty_id""], ""right_table"": ""counterparty""}, {""join_type"": ""left"", ""left_keys"": [""currency""], ""left_table"": ""balance_data"", ""right_keys"": [""from_currency""], ""right_table"": ""fx_rate""}]","{""balance_data"": {""product_level_1"": {""eq"": ""Deposits""}, ""product_level_3"": {""eq"": ""Otherwise""}}, ""counterparty"": {""Sector"": {""eq"": ""Other DCCBs""}}}","{""balance_data"": {""total_value"": {""alias"": ""total_value"", ""expression"": ""SUM(balance_data.amount * fx_rate.fx_rate)""}}}",NULL,NULL,NULL,NULL,NULL,NULL,False,NULL,NULL,NULL,NULL
"SD_DCCB_Other_Saving","Other DCCBs – Saving",NULL,"REPORT_PREPARER","RISK_REPORTING","[""balance_data"", ""counterparty"", ""fx_rate""]","[{""join_type"": ""left"", ""left_keys"": [""counterparty_id""], ""left_table"": ""balance_data"", ""right_keys"": [""counterparty_id""], ""right_table"": ""counterparty""}, {""join_type"": ""left"", ""left_keys"": [""currency""], ""left_table"": ""balance_data"", ""right_keys"": [""from_currency""], ""right_table"": ""fx_rate""}]","{""balance_data"": {""product_level_1"": {""eq"": ""Deposits""}, ""product_level_3"": {""eq"": ""Saving""}}, ""counterparty"": {""Sector"": {""eq"": ""Other DCCBs""}}}","{""balance_data"": {""total_value"": {""alias"": ""total_value"", ""expression"": ""SUM(balance_data.amount * fx_rate.fx_rate)""}}}",NULL,NULL,NULL,NULL,NULL,NULL,False,NULL,NULL,NULL,NULL
"SD_DCCB_Other_Term","Other DCCBs – Term",NULL,"REPORT_PREPARER","RISK_REPORTING","[""balance_data"", ""counterparty"", ""fx_rate""]","[{""join_type"": ""left"", ""left_keys"": [""counterparty_id""], ""left_table"": ""balance_data"", ""right_keys"": [""counterparty_id""], ""right_table"": ""counterparty""}, {""join_type"": ""left"", ""left_keys"": [""currency""], ""left_table"": ""balance_data"", ""right_keys"": [""from_currency""], ""right_table"": ""fx_rate""}]","{""balance_data"": {""product_level_1"": {""eq"": ""Deposits""}, ""product_level_3"": {""eq"": ""Term""}}, ""counterparty"": {""Sector"": {""eq"": ""Other DCCBs""}}}","{""balance_data"": {""total_value"": {""alias"": ""total_value"", ""expression"": ""SUM(balance_data.amount * fx_rate.fx_rate)""}}}",NULL,NULL,NULL,NULL,NULL,NULL,False,NULL,NULL,NULL,NULL
"SD_OthersExclPublic_Current","Others (excluding Public) – Current",NULL,"REPORT_PREPARER","RISK_REPORTING","[""balance_data"", ""counterparty"", ""fx_rate""]","[{""join_type"": ""left"", ""left_keys"": [""counterparty_id""], ""left_table"": ""balance_data"", ""right_keys"": [""counterparty_id""], ""right_table"": ""counterparty""}, {""join_type"": ""left"", ""left_keys"": [""currency""], ""left_table"": ""balance_data"", ""right_keys"": [""from_currency""], ""right_table"": ""fx_rate""}]","{""balance_data"": {""product_level_1"": {""eq"": ""Deposits""}, ""product_level_3"": {""eq"": ""Current""}}, ""counterparty"": {""Sector"": {""eq"": ""Others (excluding Public)""}}}","{""balance_data"": {""total_value"": {""alias"": ""total_value"", ""expression"": ""SUM(balance_data.amount * fx_rate.fx_rate)""}}}",NULL,NULL,NULL,NULL,NULL,NULL,False,NULL,NULL,NULL,NULL
"SD_OthersExclPublic_Otherwise","Others (excluding Public) – Otherwise",NULL,"REPORT_PREPARER","RISK_REPORTING","[""balance_data"", ""counterparty"", ""fx_rate""]","[{""join_type"": ""left"", ""left_keys"": [""counterparty_id""], ""left_table"": ""balance_data"", ""right_keys"": [""counterparty_id""], ""right_table"": ""counterparty""}, {""join_type"": ""left"", ""left_keys"": [""currency""], ""left_table"": ""balance_data"", ""right_keys"": [""from_currency""], ""right_table"": ""fx_rate""}]","{""balance_data"": {""product_level_1"": {""eq"": ""Deposits""}, ""product_level_3"": {""eq"": ""Otherwise""}}, ""counterparty"": {""Sector"": {""eq"": ""Others (excluding Public)""}}}","{""balance_data"": {""total_value"": {""alias"": ""total_value"", ""expression"": ""SUM(balance_data.amount * fx_rate.fx_rate)""}}}",NULL,NULL,NULL,NULL,NULL,NULL,False,NULL,NULL,NULL,NULL
"SD_OthersExclPublic_Saving","Others (excluding Public) – Saving",NULL,"REPORT_PREPARER","RISK_REPORTING","[""balance_data"", ""counterparty"", ""fx_rate""]","[{""join_type"": ""left"", ""left_keys"": [""counterparty_id""], ""left_table"": ""balance_data"", ""right_keys"": [""counterparty_id""], ""right_table"": ""counterparty""}, {""join_type"": ""left"", ""left_keys"": [""currency""], ""left_table"": ""balance_data"", ""right_keys"": [""from_currency""], ""right_table"": ""fx_rate""}]","{""balance_data"": {""product_level_1"": {""eq"": ""Deposits""}, ""product_level_3"": {""eq"": ""Saving""}}, ""counterparty"": {""Sector"": {""eq"": ""Others (excluding Public)""}}}","{""balance_data"": {""total_value"": {""alias"": ""total_value"", ""expression"": ""SUM(balance_data.amount * fx_rate.fx_rate)""}}}",NULL,NULL,NULL,NULL,NULL,NULL,False,NULL,NULL,NULL,NULL
"SD_OthersExclPublic_Term","Others (excluding Public) – Term",NULL,"REPORT_PREPARER","RISK_REPORTING","[""balance_data"", ""counterparty"", ""fx_rate""]","[{""join_type"": ""left"", ""left_keys"": [""counterparty_id""], ""left_table"": ""balance_data"", ""right_keys"": [""counterparty_id""], ""right_table"": ""counterparty""}, {""join_type"": ""left"", ""left_keys"": [""currency""], ""left_table"": ""balance_data"", ""right_keys"": [""from_currency""], ""right_table"": ""fx_rate""}]","{""balance_data"": {""product_level_1"": {""eq"": ""Deposits""}, ""product_level_3"": {""eq"": ""Term""}}, ""counterparty"": {""Sector"": {""eq"": ""Others (excluding Public)""}}}","{""balance_data"": {""total_value"": {""alias"": ""total_value"", ""expression"": ""SUM(balance_data.amount * fx_rate.fx_rate)""}}}",NULL,NULL,NULL,NULL,NULL,NULL,False,NULL,NULL,NULL,NULL
"SD_PAC_Current","PACs – Current",NULL,"REPORT_PREPARER","RISK_REPORTING","[""balance_data"", ""counterparty"", ""fx_rate""]","[{""join_type"": ""left"", ""left_keys"": [""counterparty_id""], ""left_table"": ""balance_data"", ""right_keys"": [""counterparty_id""], ""right_table"": ""counterparty""}, {""join_type"": ""left"", ""left_keys"": [""currency""], ""left_table"": ""balance_data"", ""right_keys"": [""from_currency""], ""right_table"": ""fx_rate""}]","{""balance_data"": {""product_level_1"": {""eq"": ""Deposits""}, ""product_level_3"": {""eq"": ""Current""}}, ""counterparty"": {""Sector"": {""eq"": ""PACs""}}}","{""balance_data"": {""total_value"": {""alias"": ""total_value"", ""expression"": ""SUM(balance_data.amount * fx_rate.fx_rate)""}}}",NULL,NULL,NULL,NULL,NULL,NULL,False,NULL,NULL,NULL,NULL
"SD_PAC_Otherwise","PACs – Otherwise",NULL,"REPORT_PREPARER","RISK_REPORTING","[""balance_data"", ""counterparty"", ""fx_rate""]","[{""join_type"": ""left"", ""left_keys"": [""counterparty_id""], ""left_table"": ""balance_data"", ""right_keys"": [""counterparty_id""], ""right_table"": ""counterparty""}, {""join_type"": ""left"", ""left_keys"": [""currency""], ""left_table"": ""balance_data"", ""right_keys"": [""from_currency""], ""right_table"": ""fx_rate""}]","{""balance_data"": {""product_level_1"": {""eq"": ""Deposits""}, ""product_level_3"": {""eq"": ""Otherwise""}}, ""counterparty"": {""Sector"": {""eq"": ""PACs""}}}","{""balance_data"": {""total_value"": {""alias"": ""total_value"", ""expression"": ""SUM(balance_data.amount * fx_rate.fx_rate)""}}}",NULL,NULL,NULL,NULL,NULL,NULL,False,NULL,NULL,NULL,NULL
"SD_PAC_Saving","PACs – Saving",NULL,"REPORT_PREPARER","RISK_REPORTING","[""balance_data"", ""counterparty"", ""fx_rate""]","[{""join_type"": ""left"", ""left_keys"": [""counterparty_id""], ""left_table"": ""balance_data"", ""right_keys"": [""counterparty_id""], ""right_table"": ""counterparty""}, {""join_type"": ""left"", ""left_keys"": [""currency""], ""left_table"": ""balance_data"", ""right_keys"": [""from_currency""], ""right_table"": ""fx_rate""}]","{""balance_data"": {""product_level_1"": {""eq"": ""Deposits""}, ""product_level_3"": {""eq"": ""Saving""}}, ""counterparty"": {""Sector"": {""eq"": ""PACs""}}}","{""balance_data"": {""total_value"": {""alias"": ""total_value"", ""expression"": ""SUM(balance_data.amount * fx_rate.fx_rate)""}}}",NULL,NULL,NULL,NULL,NULL,NULL,False,NULL,NULL,NULL,NULL
"SD_PAC_Term","PACs – Term",NULL,"REPORT_PREPARER","RISK_REPORTING","[""balance_data"", ""counterparty"", ""fx_rate""]","[{""join_type"": ""left"", ""left_keys"": [""counterparty_id""], ""left_table"": ""balance_data"", ""right_keys"": [""counterparty_id""], ""right_table"": ""counterparty""}, {""join_type"": ""left"", ""left_keys"": [""currency""], ""left_table"": ""balance_data"", ""right_keys"": [""from_currency""], ""right_table"": ""fx_rate""}]","{""balance_data"": {""product_level_1"": {""eq"": ""Deposits""}, ""product_level_3"": {""eq"": ""Term""}}, ""counterparty"": {""Sector"": {""eq"": ""PACs""}}}","{""balance_data"": {""total_value"": {""alias"": ""total_value"", ""expression"": ""SUM(balance_data.amount * fx_rate.fx_rate)""}}}",NULL,NULL,NULL,NULL,NULL,NULL,False,NULL,NULL,NULL,NULL
"SD_Public_Current","Public – Current",NULL,"REPORT_PREPARER","RISK_REPORTING","[""balance_data"", ""counterparty"", ""fx_rate""]","[{""join_type"": ""left"", ""left_keys"": [""counterparty_id""], ""left_table"": ""balance_data"", ""right_keys"": [""counterparty_id""], ""right_table"": ""counterparty""}, {""join_type"": ""left"", ""left_keys"": [""currency""], ""left_table"": ""balance_data"", ""right_keys"": [""from_currency""], ""right_table"": ""fx_rate""}]","{""balance_data"": {""product_level_1"": {""eq"": ""Deposits""}, ""product_level_3"": {""eq"": ""Current""}}, ""counterparty"": {""Sector"": {""eq"": ""Public""}}}","{""balance_data"": {""total_value"": {""alias"": ""total_value"", ""expression"": ""SUM(balance_data.amount * fx_rate.fx_rate)""}}}",NULL,NULL,NULL,NULL,NULL,NULL,False,NULL,NULL,NULL,NULL
"SD_Public_Otherwise","Public – Otherwise",NULL,"REPORT_PREPARER","RISK_REPORTING","[""balance_data"", ""counterparty"", ""fx_rate""]","[{""join_type"": ""left"", ""left_keys"": [""counterparty_id""], ""left_table"": ""balance_data"", ""right_keys"": [""counterparty_id""], ""right_table"": ""counterparty""}, {""join_type"": ""left"", ""left_keys"": [""currency""], ""left_table"": ""balance_data"", ""right_keys"": [""from_currency""], ""right_table"": ""fx_rate""}]","{""balance_data"": {""product_level_1"": {""eq"": ""Deposits""}, ""product_level_3"": {""eq"": ""Otherwise""}}, ""counterparty"": {""Sector"": {""eq"": ""Public""}}}","{""balance_data"": {""total_value"": {""alias"": ""total_value"", ""expression"": ""SUM(balance_data.amount * fx_rate.fx_rate)""}}}",NULL,NULL,NULL,NULL,NULL,NULL,False,NULL,NULL,NULL,NULL
"SD_Public_Saving","Public – Saving",NULL,"REPORT_PREPARER","RISK_REPORTING","[""balance_data"", ""counterparty"", ""fx_rate""]","[{""join_type"": ""left"", ""left_keys"": [""counterparty_id""], ""left_table"": ""balance_data"", ""right_keys"": [""counterparty_id""], ""right_table"": ""counterparty""}, {""join_type"": ""left"", ""left_keys"": [""currency""], ""left_table"": ""balance_data"", ""right_keys"": [""from_currency""], ""right_table"": ""fx_rate""}]","{""balance_data"": {""product_level_1"": {""eq"": ""Deposits""}, ""product_level_3"": {""eq"": ""Saving""}}, ""counterparty"": {""Sector"": {""eq"": ""Public""}}}","{""balance_data"": {""total_value"": {""alias"": ""total_value"", ""expression"": ""SUM(balance_data.amount * fx_rate.fx_rate)""}}}",NULL,NULL,NULL,NULL,NULL,NULL,False,NULL,NULL,NULL,NULL
"SD_Public_Term","Public – Term",NULL,"REPORT_PREPARER","RISK_REPORTING","[""balance_data"", ""counterparty"", ""fx_rate""]","[{""join_type"": ""left"", ""left_keys"": [""counterparty_id""], ""left_table"": ""balance_data"", ""right_keys"": [""counterparty_id""], ""right_table"": ""counterparty""}, {""join_type"": ""left"", ""left_keys"": [""currency""], ""left_table"": ""balance_data"", ""right_keys"": [""from_currency""], ""right_table"": ""fx_rate""}]","{""balance_data"": {""product_level_1"": {""eq"": ""Deposits""}, ""product_level_3"": {""eq"": ""Term""}}, ""counterparty"": {""Sector"": {""eq"": ""Public""}}}","{""balance_data"": {""total_value"": {""alias"": ""total_value"", ""expression"": ""SUM(balance_data.amount * fx_rate.fx_rate)""}}}",NULL,NULL,NULL,NULL,NULL,NULL,False,NULL,NULL,NULL,NULL
"SD_SCB_Current","SCBs – Current",NULL,"REPORT_PREPARER","RISK_REPORTING","[""balance_data"", ""counterparty"", ""fx_rate""]","[{""join_type"": ""left"", ""left_keys"": [""counterparty_id""], ""left_table"": ""balance_data"", ""right_keys"": [""counterparty_id""], ""right_table"": ""counterparty""}, {""join_type"": ""left"", ""left_keys"": [""currency""], ""left_table"": ""balance_data"", ""right_keys"": [""from_currency""], ""right_table"": ""fx_rate""}]","{""balance_data"": {""product_level_1"": {""eq"": ""Deposits""}, ""product_level_3"": {""eq"": ""Current""}}, ""counterparty"": {""Sector"": {""eq"": ""SCBs""}}}","{""balance_data"": {""total_value"": {""alias"": ""total_value"", ""expression"": ""SUM(balance_data.amount * fx_rate.fx_rate)""}}}",NULL,NULL,NULL,NULL,NULL,NULL,False,NULL,NULL,NULL,NULL
"SD_SCB_Otherwise","SCBs – Otherwise",NULL,"REPORT_PREPARER","RISK_REPORTING","[""balance_data"", ""counterparty"", ""fx_rate""]","[{""join_type"": ""left"", ""left_keys"": [""counterparty_id""], ""left_table"": ""balance_data"", ""right_keys"": [""counterparty_id""], ""right_table"": ""counterparty""}, {""join_type"": ""left"", ""left_keys"": [""currency""], ""left_table"": ""balance_data"", ""right_keys"": [""from_currency""], ""right_table"": ""fx_rate""}]","{""balance_data"": {""product_level_1"": {""eq"": ""Deposits""}, ""product_level_3"": {""eq"": ""Otherwise""}}, ""counterparty"": {""Sector"": {""eq"": ""SCBs""}}}","{""balance_data"": {""total_value"": {""alias"": ""total_value"", ""expression"": ""SUM(balance_data.amount * fx_rate.fx_rate)""}}}",NULL,NULL,NULL,NULL,NULL,NULL,False,NULL,NULL,NULL,NULL
"SD_SCB_Saving","SCBs – Saving",NULL,"REPORT_PREPARER","RISK_REPORTING","[""balance_data"", ""counterparty"", ""fx_rate""]","[{""join_type"": ""left"", ""left_keys"": [""counterparty_id""], ""left_table"": ""balance_data"", ""right_keys"": [""counterparty_id""], ""right_table"": ""counterparty""}, {""join_type"": ""left"", ""left_keys"": [""currency""], ""left_table"": ""balance_data"", ""right_keys"": [""from_currency""], ""right_table"": ""fx_rate""}]","{""balance_data"": {""product_level_1"": {""eq"": ""Deposits""}, ""product_level_3"": {""eq"": ""Saving""}}, ""counterparty"": {""Sector"": {""eq"": ""SCBs""}}}","{""balance_data"": {""total_value"": {""alias"": ""total_value"", ""expression"": ""SUM(balance_data.amount * fx_rate.fx_rate)""}}}",NULL,NULL,NULL,NULL,NULL,NULL,False,NULL,NULL,NULL,NULL
"SD_SCB_Term","SCBs – Term",NULL,"REPORT_PREPARER","RISK_REPORTING","[""balance_data"", ""counterparty"", ""fx_rate""]","[{""join_type"": ""left"", ""left_keys"": [""counterparty_id""], ""left_table"": ""balance_data"", ""right_keys"": [""counterparty_id""], ""right_table"": ""counterparty""}, {""join_type"": ""left"", ""left_keys"": [""currency""], ""left_table"": ""balance_data"", ""right_keys"": [""from_currency""], ""right_table"": ""fx_rate""}]","{""balance_data"": {""product_level_1"": {""eq"": ""Deposits""}, ""product_level_3"": {""eq"": ""Term""}}, ""counterparty"": {""Sector"": {""eq"": ""SCBs""}}}","{""balance_data"": {""total_value"": {""alias"": ""total_value"", ""expression"": ""SUM(balance_data.amount * fx_rate.fx_rate)""}}}",NULL,NULL,NULL,NULL,NULL,NULL,False,NULL,NULL,NULL,NULL
"SD_UCB_Current","Urban Co-operative Bank – Current",NULL,"REPORT_PREPARER","RISK_REPORTING","[""balance_data"", ""counterparty"", ""fx_rate""]","[{""join_type"": ""left"", ""left_keys"": [""counterparty_id""], ""left_table"": ""balance_data"", ""right_keys"": [""counterparty_id""], ""right_table"": ""counterparty""}, {""join_type"": ""left"", ""left_keys"": [""currency""], ""left_table"": ""balance_data"", ""right_keys"": [""from_currency""], ""right_table"": ""fx_rate""}]","{""balance_data"": {""product_level_1"": {""eq"": ""Deposits""}, ""product_level_3"": {""eq"": ""Current""}}, ""counterparty"": {""Sector"": {""eq"": ""Urban Co-operative Bank""}}}","{""balance_data"": {""total_value"": {""alias"": ""total_value"", ""expression"": ""SUM(balance_data.amount * fx_rate.fx_rate)""}}}",NULL,NULL,NULL,NULL,NULL,NULL,False,NULL,NULL,NULL,NULL
"SD_UCB_Otherwise","Urban Co-operative Bank – Otherwise",NULL,"REPORT_PREPARER","RISK_REPORTING","[""balance_data"", ""counterparty"", ""fx_rate""]","[{""join_type"": ""left"", ""left_keys"": [""counterparty_id""], ""left_table"": ""balance_data"", ""right_keys"": [""counterparty_id""], ""right_table"": ""counterparty""}, {""join_type"": ""left"", ""left_keys"": [""currency""], ""left_table"": ""balance_data"", ""right_keys"": [""from_currency""], ""right_table"": ""fx_rate""}]","{""balance_data"": {""product_level_1"": {""eq"": ""Deposits""}, ""product_level_3"": {""eq"": ""Otherwise""}}, ""counterparty"": {""Sector"": {""eq"": ""Urban Co-operative Bank""}}}","{""balance_data"": {""total_value"": {""alias"": ""total_value"", ""expression"": ""SUM(balance_data.amount * fx_rate.fx_rate)""}}}",NULL,NULL,NULL,NULL,NULL,NULL,False,NULL,NULL,NULL,NULL
"SD_UCB_Saving","Urban Co-operative Bank – Saving",NULL,"REPORT_PREPARER","RISK_REPORTING","[""balance_data"", ""counterparty"", ""fx_rate""]","[{""join_type"": ""left"", ""left_keys"": [""counterparty_id""], ""left_table"": ""balance_data"", ""right_keys"": [""counterparty_id""], ""right_table"": ""counterparty""}, {""join_type"": ""left"", ""left_keys"": [""currency""], ""left_table"": ""balance_data"", ""right_keys"": [""from_currency""], ""right_table"": ""fx_rate""}]","{""balance_data"": {""product_level_1"": {""eq"": ""Deposits""}, ""product_level_3"": {""eq"": ""Saving""}}, ""counterparty"": {""Sector"": {""eq"": ""Urban Co-operative Bank""}}}","{""balance_data"": {""total_value"": {""alias"": ""total_value"", ""expression"": ""SUM(balance_data.amount * fx_rate.fx_rate)""}}}",NULL,NULL,NULL,NULL,NULL,NULL,False,NULL,NULL,NULL,NULL
"SD_UCB_Term","Urban Co-operative Bank – Term",NULL,"REPORT_PREPARER","RISK_REPORTING","[""balance_data"", ""counterparty"", ""fx_rate""]","[{""join_type"": ""left"", ""left_keys"": [""counterparty_id""], ""left_table"": ""balance_data"", ""right_keys"": [""counterparty_id""], ""right_table"": ""counterparty""}, {""join_type"": ""left"", ""left_keys"": [""currency""], ""left_table"": ""balance_data"", ""right_keys"": [""from_currency""], ""right_table"": ""fx_rate""}]","{""balance_data"": {""product_level_1"": {""eq"": ""Deposits""}, ""product_level_3"": {""eq"": ""Term""}}, ""counterparty"": {""Sector"": {""eq"": ""Urban Co-operative Bank""}}}","{""balance_data"": {""total_value"": {""alias"": ""total_value"", ""expression"": ""SUM(balance_data.amount * fx_rate.fx_rate)""}}}",NULL,NULL,NULL,NULL,NULL,NULL,False,NULL,NULL,NULL,NULL
